,Child Commit Recent Date,Parent,Total Deleted Testfile,Deleted Testfile,Total Deleted Tests,Deleted Tests
73,2002-07-02 10:11:46,"=HYPERLINK(""https://github.com/pmd/pmd/commit/e115567351dc4de84df8212d5c5b18775c72369d"", ""e115567351dc4de84df8212d5c5b18775c72369d"")",1,['pmd/regress/test/net/sourceforge/pmd/FunctionalTest.java'],1,['testRemoveMe']
40,2002-07-16 10:59:06,"=HYPERLINK(""https://github.com/pmd/pmd/commit/4dc2bcbac3587ce9ee429bc5e37308febae35241"", ""4dc2bcbac3587ce9ee429bc5e37308febae35241"")",5,"['pmd/regress/test/net/sourceforge/pmd/rules/SystemOutRuleTest.java', 'pmd/regress/test/net/sourceforge/pmd/rules/SystemPropsRuleTest.java', 'pmd/regress/test/net/sourceforge/pmd/rules/SystemInRuleTest.java', 'pmd/regress/test/net/sourceforge/pmd/rules/CreatesATimerTest.java', 'pmd/regress/test/net/sourceforge/pmd/rules/CreateAThreadRuleTest.java']",6,"['testCreateAThread', 'testCreateATimer', 'testSystemIn', 'testSystemOut', 'testProps', 'testProps2']"
3,2002-08-02 10:09:21,"=HYPERLINK(""https://github.com/pmd/pmd/commit/fd9ea76ddc7c932d2deae590d138ebf057cd33e4"", ""fd9ea76ddc7c932d2deae590d138ebf057cd33e4"")",7,"['pmd/regress/test/net/sourceforge/pmd/cpd/TokenSetsTest.java', 'pmd/regress/test/net/sourceforge/pmd/cpd/OccurrencesTest.java', 'pmd/regress/test/net/sourceforge/pmd/cpd/CPDTest.java', 'pmd/regress/test/net/sourceforge/pmd/cpd/TokenTest.java', 'pmd/regress/test/net/sourceforge/pmd/cpd/TileTest.java', 'pmd/regress/test/net/sourceforge/pmd/cpd/GSTTest.java', 'pmd/regress/test/net/sourceforge/pmd/cpd/TokenListTest.java']",17,"['testBasic', 'testBasic2', 'test1', 'testBasic', 'testInitialFrequencyCount', 'testContains', 'testDeleteSolo', 'testConstructors', 'testCopy', 'testEquality', 'testContains', 'testAdd', 'testBasic', 'testAdd', 'testHasTokenAfter', 'testBasic', 'testBasic']"
48,2002-10-02 09:59:45,"=HYPERLINK(""https://github.com/pmd/pmd/commit/228ec52e14c771a2ec971c9667d594efb2909962"", ""228ec52e14c771a2ec971c9667d594efb2909962"")",1,['pmd/regress/test/net/sourceforge/pmd/symboltable/ScopeTest.java'],4,"['testAdd', 'testUnused', 'testUnused2', 'testUnused3']"
23,2002-10-21 15:43:48,"=HYPERLINK(""https://github.com/pmd/pmd/commit/8665d850e7fe7cc630ed69ac5bb1d99a17bc8449"", ""8665d850e7fe7cc630ed69ac5bb1d99a17bc8449"")",1,['pmd/regress/test/net/sourceforge/pmd/symboltable/LookupControllerTest.java'],1,['test1']
34,2002-11-06 13:13:48,"=HYPERLINK(""https://github.com/pmd/pmd/commit/b5299c890df4c8fc49835da5fe8a44a7424c150c"", ""b5299c890df4c8fc49835da5fe8a44a7424c150c"")",1,['pmd/regress/test/net/sourceforge/pmd/rules/AvoidStringLiteralsRuleTest.java'],1,['testLiteralStringArg']
42,2003-01-16 13:16:50,"=HYPERLINK(""https://github.com/pmd/pmd/commit/8fc93f5e890c5c55819abbc16ab7bbd297dbaf95"", ""8fc93f5e890c5c55819abbc16ab7bbd297dbaf95"")",1,['pmd/regress/test/net/sourceforge/pmd/jdbc/JDBCReportListenerTest.java'],6,"['testLongConstructor', 'testPropConstructor', 'testSingleViolation', 'testMultiViolation', 'testSingleMetric', 'testMultiMetric']"
44,2003-03-27 14:11:54,"=HYPERLINK(""https://github.com/pmd/pmd/commit/0ddf536491b583b2f62a1ec9b95e1b8678b7fffc"", ""0ddf536491b583b2f62a1ec9b95e1b8678b7fffc"")",2,"['pmd/regress/test/net/sourceforge/pmd/cpd/TokenListTest.java', 'pmd/regress/test/net/sourceforge/pmd/cpd/TokenEntryTest.java']",4,"['testBasic', 'testBasic', 'testAdd', 'testCode']"
7,2003-04-16 10:19:26,"=HYPERLINK(""https://github.com/pmd/pmd/commit/b1e6c2253df5341a994865982aed7de6a3237090"", ""b1e6c2253df5341a994865982aed7de6a3237090"")",1,['pmd/regress/test/net/sourceforge/pmd/symboltable/SymbolFacadeTest.java'],1,['testBasic']
66,2003-06-25 08:06:50,"=HYPERLINK(""https://github.com/pmd/pmd/commit/833b4c3884b5a8ede7730c39be3da1cdcbf2f847"", ""833b4c3884b5a8ede7730c39be3da1cdcbf2f847"")",1,['pmd/regress/test/net/sourceforge/pmd/RuleSetReadWriteTest.java'],1,['testReadWrite']
37,2003-07-31 09:29:38,"=HYPERLINK(""https://github.com/pmd/pmd/commit/5f1f887f5360aedf8ddd97fbf7d64e834cbaf85c"", ""5f1f887f5360aedf8ddd97fbf7d64e834cbaf85c"")",1,['pmd-swingui/regress/test/net/sourceforge/pmd/RuleSetReadWriteTest.java'],1,['testReadWrite']
2,2004-07-09 11:18:56,"=HYPERLINK(""https://github.com/pmd/pmd/commit/78ca7ab6641d512b036686c1dc89aa2d8d1bd780"", ""78ca7ab6641d512b036686c1dc89aa2d8d1bd780"")",1,['pmd/regress/test/net/sourceforge/pmd/symboltable/NameOccurrenceTest.java'],1,['testConstructor']
8,2004-09-16 14:32:14,"=HYPERLINK(""https://github.com/pmd/pmd/commit/008a79cb2db05f6dd22b0ad8eaa43957fe515f1d"", ""008a79cb2db05f6dd22b0ad8eaa43957fe515f1d"")",1,['pmd/src/net/sourceforge/pmd/dfa/test/TestClass.java'],26,"['test_1', 'test_2', 'test_3', 'test_4', 'test_6', 'test_7', 'test_8', 'test_9', 'test_10', 'test_11', 'test_12', 'test_13', 'test_14', 'test_15', 'test_16', 'test_17', 'test_18', 'test_19', 'test_20', 'test_21', 'test_22', 'test_23', 'test_24', 'test_25', 'test_26', 'test_27']"
38,2004-09-30 13:21:00,"=HYPERLINK(""https://github.com/pmd/pmd/commit/f1ff22c310c95084c4e550bd9ead2a1205ad7060"", ""f1ff22c310c95084c4e550bd9ead2a1205ad7060"")",1,['pmd/regress/test/net/sourceforge/pmd/dfa/LinkerTest.java'],1,['testComputePaths']
35,2005-03-23 11:16:46,"=HYPERLINK(""https://github.com/pmd/pmd/commit/fde55e40835e80de47cefec339ce565acc4332bc"", ""fde55e40835e80de47cefec339ce565acc4332bc"")",1,['pmd/regress/test/net/sourceforge/pmd/rules/AbstractClassDoesNotContainAbstractMethodTest.java'],1,['testAll']
58,2005-06-27 13:26:12,"=HYPERLINK(""https://github.com/pmd/pmd/commit/81d9fbb928ebe4c1bc0d1ba4603f4f935bf884e9"", ""81d9fbb928ebe4c1bc0d1ba4603f4f935bf884e9"")",1,['pmd/regress/test/net/sourceforge/pmd/rules/finalize/ExplicitCallToFinalizeRuleTest.java'],1,['testAll']
76,2005-08-07 21:15:08,"=HYPERLINK(""https://github.com/pmd/pmd/commit/98d349504b82369cd9887ffe48eef5605ecb8463"", ""98d349504b82369cd9887ffe48eef5605ecb8463"")",1,['pmd/regress/test/net/sourceforge/pmd/rules/strictexception/ExceptionTypeCheckingRuleTest.java'],1,['testAll']
72,2006-05-15 13:58:48,"=HYPERLINK(""https://github.com/pmd/pmd/commit/cad7d128a07ce3b82a7a0dae81e2caad52915d89"", ""cad7d128a07ce3b82a7a0dae81e2caad52915d89"")",1,['pmd/regress/test/net/sourceforge/pmd/ast/DiscardableNodeCleanerTest.java'],1,['testFoo']
0,2006-06-18 17:30:33,"=HYPERLINK(""https://github.com/pmd/pmd/commit/cc57b9d4c0735e48f48b05557c88d1a38215408b"", ""cc57b9d4c0735e48f48b05557c88d1a38215408b"")",1,['pmd-eclipse-test/test/test/net/sourceforge/pmd/eclipse/dao/PreferencesDAOTest.java'],2,"['testReadPreferences', 'testWritePreferences']"
15,2007-06-26 17:55:28,"=HYPERLINK(""https://github.com/pmd/pmd/commit/ed35b31cd8845f13479d78a589675af06deb8b4f"", ""ed35b31cd8845f13479d78a589675af06deb8b4f"")",12,"['pmd/regress/test/net/sourceforge/pmd/rules/basic/DoubleCheckedLockingTest.java', 'pmd/regress/test/net/sourceforge/pmd/rules/basic/CollapsibleIfStatementsTest.java', 'pmd/regress/test/net/sourceforge/pmd/rules/basic/EmptyCatchBlockRuleTest.java', 'pmd/regress/test/net/sourceforge/pmd/rules/basic/AvoidUsingOctalValuesTest.java', 'pmd/regress/test/net/sourceforge/pmd/rules/basic/EmptyFinallyBlockRuleTest.java', 'pmd/regress/test/net/sourceforge/pmd/rules/basic/AvoidDecimalLiteralsInBigDecimalConstructorTest.java', 'pmd/regress/test/net/sourceforge/pmd/rules/basic/BrokenNullCheckTest.java', 'pmd/regress/test/net/sourceforge/pmd/rules/basic/ClassCastExceptionWithToArrayTest.java', 'pmd/regress/test/net/sourceforge/pmd/rules/basic/EmptyIfStmtRuleTest.java', 'pmd/regress/test/net/sourceforge/pmd/rules/basic/BooleanInstantiationRuleTest.java', 'pmd/regress/test/net/sourceforge/pmd/rules/basic/BigIntegerInstantiationTest.java', 'pmd/regress/test/net/sourceforge/pmd/rules/basic/AvoidThreadGroupTest.java']",12,"['testAll', 'testAll', 'testAll', 'testAll', 'testAll', 'testAll', 'testAll', 'testAll', 'testAll', 'testAll', 'testAll', 'testAll']"
49,2007-06-26 20:40:30,"=HYPERLINK(""https://github.com/pmd/pmd/commit/f1f10c94622eb7134e557d0c8795967d2a9af8d3"", ""f1f10c94622eb7134e557d0c8795967d2a9af8d3"")",17,"['pmd/regress/test/net/sourceforge/pmd/rules/basic/EmptyWhileStmtRuleTest.java', 'pmd/regress/test/net/sourceforge/pmd/rules/basic/ReturnFromFinallyBlockTest.java', 'pmd/regress/test/net/sourceforge/pmd/rules/basic/EmptySwitchStmtRuleTest.java', 'pmd/regress/test/net/sourceforge/pmd/rules/basic/EmptyStaticInitializerRuleTest.java', 'pmd/regress/test/net/sourceforge/pmd/rules/basic/EmptySynchronizedBlockRuleTest.java', 'pmd/regress/test/net/sourceforge/pmd/rules/basic/JumbledIncrementerRuleTest.java', 'pmd/regress/test/net/sourceforge/pmd/rules/basic/UnnecessaryReturnTest.java', 'pmd/regress/test/net/sourceforge/pmd/rules/basic/ForLoopShouldBeWhileLoopRuleTest.java', 'pmd/regress/test/net/sourceforge/pmd/rules/basic/UnnecessaryTemporariesTest.java', 'pmd/regress/test/net/sourceforge/pmd/rules/basic/UselessOperationOnImmutableTest.java', 'pmd/regress/test/net/sourceforge/pmd/rules/basic/MisplacedNullCheckTest.java', 'pmd/regress/test/net/sourceforge/pmd/rules/basic/UnnecessaryFinalModifierTest.java', 'pmd/regress/test/net/sourceforge/pmd/rules/basic/UselessOverridingMethodTest.java', 'pmd/regress/test/net/sourceforge/pmd/rules/basic/EmptyStatementNotInLoopRuleTest.java', 'pmd/regress/test/net/sourceforge/pmd/rules/basic/OverrideBothEqualsAndHashcodeTest.java', 'pmd/regress/test/net/sourceforge/pmd/rules/basic/UnconditionalIfStatementRuleTest.java', 'pmd/regress/test/net/sourceforge/pmd/rules/basic/EmptyTryBlockRuleTest.java']",17,"['testAll', 'testAll', 'testAll', 'testAll', 'testAll', 'testAll', 'testAll', 'testAll', 'testAll', 'testAll', 'testAll', 'testAll', 'testAll', 'testAll', 'testAll', 'testAll', 'testAll']"
39,2007-06-26 20:54:34,"=HYPERLINK(""https://github.com/pmd/pmd/commit/3352454242f8a1abba5e6d2b49ce861b8abdb8c8"", ""3352454242f8a1abba5e6d2b49ce861b8abdb8c8"")",30,"['pmd/regress/test/net/sourceforge/pmd/rules/codesize/NcssTypeCountTest.java', 'pmd/regress/test/net/sourceforge/pmd/rules/controversial/AtLeastOneConstructorRuleTest.java', 'pmd/regress/test/net/sourceforge/pmd/rules/codesize/LongClassRuleTest.java', 'pmd/regress/test/net/sourceforge/pmd/rules/codesize/NcssMethodCountTest.java', 'pmd/regress/test/net/sourceforge/pmd/rules/controversial/NullAssignmentRuleTest.java', 'pmd/regress/test/net/sourceforge/pmd/rules/controversial/CallSuperInConstructorTest.java', 'pmd/regress/test/net/sourceforge/pmd/rules/clone/CloneMethodMustImplementCloneableTest.java', 'pmd/regress/test/net/sourceforge/pmd/rules/codesize/TooManyFieldsTest.java', 'pmd/regress/test/net/sourceforge/pmd/rules/controversial/DefaultPackageTest.java', 'pmd/regress/test/net/sourceforge/pmd/rules/controversial/AssignmentInOperandTest.java', 'pmd/regress/test/net/sourceforge/pmd/rules/codesize/ExcessivePublicCountTest.java', 'pmd/regress/test/net/sourceforge/pmd/rules/clone/ProperCloneImplementationTest.java', 'pmd/regress/test/net/sourceforge/pmd/rules/braces/WhileLoopsMustUseBracesTest.java', 'pmd/regress/test/net/sourceforge/pmd/rules/controversial/SingularFieldRuleTest.java', 'pmd/regress/test/net/sourceforge/pmd/rules/braces/IfStmtsMustUseBracesRuleTest.java', 'pmd/regress/test/net/sourceforge/pmd/rules/braces/ForLoopsMustUseBracesTest.java', 'pmd/regress/test/net/sourceforge/pmd/rules/clone/CloneThrowsCloneNotSupportedExceptionTest.java', 'pmd/regress/test/net/sourceforge/pmd/rules/controversial/UnusedModifierRuleTest.java', 'pmd/regress/test/net/sourceforge/pmd/rules/codesize/ExcessiveMethodLengthTest.java', 'pmd/regress/test/net/sourceforge/pmd/rules/codesize/NpathComplexityTest.java', 'pmd/regress/test/net/sourceforge/pmd/rules/codesize/NcssConstructorCountTest.java', 'pmd/regress/test/net/sourceforge/pmd/rules/controversial/DontImportSunTest.java', 'pmd/regress/test/net/sourceforge/pmd/rules/controversial/DataflowAnomalyAnalysisTest.java', 'pmd/regress/test/net/sourceforge/pmd/rules/controversial/OnlyOneReturnRuleTest.java', 'pmd/regress/test/net/sourceforge/pmd/rules/controversial/BooleanInversionTest.java', 'pmd/regress/test/net/sourceforge/pmd/rules/controversial/UnnecessaryParenthesesTest.java', 'pmd/regress/test/net/sourceforge/pmd/rules/codesize/LongParameterListRuleTest.java', 'pmd/regress/test/net/sourceforge/pmd/rules/controversial/SuspiciousOctalEscapeTest.java', 'pmd/regress/test/net/sourceforge/pmd/rules/controversial/UnnecessaryConstructorTest.java', 'pmd/regress/test/net/sourceforge/pmd/rules/braces/IfElseStmtsMustUseBracesTest.java']",31,"['testAll', 'testAll', 'testAll', 'testAll', 'testAll', 'testAll', 'testAll', 'testAll', 'testOverrideMinimumWithTopScore', 'testAll', 'testAll', 'testAll', 'testAll', 'testAll', 'testAll', 'testAll', 'testAll', 'testAll', 'testAll', 'testAll', 'testAll', 'testAll', 'testAll', 'testAll', 'testAll', 'testAll', 'testAll', 'testAll', 'testAll', 'testAll', 'testAll']"
55,2007-06-26 21:01:06,"=HYPERLINK(""https://github.com/pmd/pmd/commit/567948e2c3bf88d1a57852869c28f1f6765957c8"", ""567948e2c3bf88d1a57852869c28f1f6765957c8"")",42,"['pmd/regress/test/net/sourceforge/pmd/rules/design/SimplifyBooleanReturnsTest.java', 'pmd/regress/test/net/sourceforge/pmd/rules/design/AbstractClassWithoutAbstractMethodTest.java', 'pmd/regress/test/net/sourceforge/pmd/rules/design/AssignmentToNonFinalStaticTest.java', 'pmd/regress/test/net/sourceforge/pmd/rules/design/FinalFieldCouldBeStaticRuleTest.java', 'pmd/regress/test/net/sourceforge/pmd/rules/design/UseNotifyAllInsteadOfNotifyTest.java', 'pmd/regress/test/net/sourceforge/pmd/rules/design/SwitchDensityTest.java', 'pmd/regress/test/net/sourceforge/pmd/rules/design/OptimizableToArrayCallTest.java', 'pmd/regress/test/net/sourceforge/pmd/rules/design/SimplifyBooleanExpressionsRuleTest.java', 'pmd/regress/test/net/sourceforge/pmd/rules/design/PositionalIteratorRuleTest.java', 'pmd/regress/test/net/sourceforge/pmd/rules/design/AvoidConstantsInterfaceTest.java', 'pmd/regress/test/net/sourceforge/pmd/rules/design/NonCaseLabelInSwitchStatementRuleTest.java', 'pmd/regress/test/net/sourceforge/pmd/rules/design/UseCollectionIsEmptyTest.java', 'pmd/regress/test/net/sourceforge/pmd/rules/design/ImmutableFieldTest.java', 'pmd/regress/test/net/sourceforge/pmd/rules/design/MissingBreakInSwitchTest.java', 'pmd/regress/test/net/sourceforge/pmd/rules/design/AvoidReassigningParametersTest.java', 'pmd/regress/test/net/sourceforge/pmd/rules/design/NonThreadSafeSingletonTest.java', 'pmd/regress/test/net/sourceforge/pmd/rules/design/EqualsNullRuleTest.java', 'pmd/regress/test/net/sourceforge/pmd/rules/design/SimpleDateFormatNeedsLocaleRuleTest.java', 'pmd/regress/test/net/sourceforge/pmd/rules/design/MissingStaticMethodInNonInstantiatableClassTest.java', 'pmd/regress/test/net/sourceforge/pmd/rules/design/SwitchStmtsShouldHaveDefaultRuleTest.java', 'pmd/regress/test/net/sourceforge/pmd/rules/design/AvoidInstanceofChecksInCatchClauseTest.java', 'pmd/regress/test/net/sourceforge/pmd/rules/coupling/LooseCouplingTest.java', 'pmd/regress/test/net/sourceforge/pmd/rules/design/UseSingletonTest.java', 'pmd/regress/test/net/sourceforge/pmd/rules/design/PositionLiteralsFirstInComparisonsTest.java', 'pmd/regress/test/net/sourceforge/pmd/rules/design/BadComparisonTest.java', 'pmd/regress/test/net/sourceforge/pmd/rules/design/DefaultLabelNotLastInSwitchStmtRuleTest.java', 'pmd/regress/test/net/sourceforge/pmd/rules/design/PreserveStackTraceTest.java', 'pmd/regress/test/net/sourceforge/pmd/rules/design/AccessorClassGenerationTest.java', 'pmd/regress/test/net/sourceforge/pmd/rules/design/NonStaticInitializerRuleTest.java', 'pmd/regress/test/net/sourceforge/pmd/rules/coupling/ExcessiveImportsTest.java', 'pmd/regress/test/net/sourceforge/pmd/rules/design/InstantiationToGetClassRuleTest.java', 'pmd/regress/test/net/sourceforge/pmd/rules/design/IdempotentOperationsTest.java', 'pmd/regress/test/net/sourceforge/pmd/rules/coupling/CouplingBetweenObjectsTest.java', 'pmd/regress/test/net/sourceforge/pmd/rules/design/AvoidSynchronizedAtMethodLevelTest.java', 'pmd/regress/test/net/sourceforge/pmd/rules/design/UnsynchronizedStaticDateFormatterTest.java', 'pmd/regress/test/net/sourceforge/pmd/rules/design/SimplifyConditionalTest.java', 'pmd/regress/test/net/sourceforge/pmd/rules/design/CompareObjectsWithEqualsTest.java', 'pmd/regress/test/net/sourceforge/pmd/rules/design/UnnecessaryLocalBeforeReturnRuleTest.java', 'pmd/regress/test/net/sourceforge/pmd/rules/design/CloseResourceTest.java', 'pmd/regress/test/net/sourceforge/pmd/rules/design/AvoidDeeplyNestedIfStmtsRuleTest.java', 'pmd/regress/test/net/sourceforge/pmd/rules/design/UseLocaleWithCaseConversionsRuleTest.java', 'pmd/regress/test/net/sourceforge/pmd/rules/design/AvoidProtectedFieldInFinalClassRuleTest.java']",43,"['testAll', 'testAll', 'testAll', 'testAll', 'testAll', 'testAll', 'testAll', 'testAll', 'testAll', 'testAll', 'testAll', 'testAll', 'testAll', 'testAll', 'testAll', 'testAll', 'testAll', 'testAll', 'testAll', 'testAll', 'testAll', 'testAll', 'testAll', 'testAll', 'testAll', 'testAll', 'testAll', 'testAll', 'testAll', 'test', 'testAll', 'testAll', 'testAll', 'testAll', 'testAll', 'testAll', 'testAll', 'testAll', 'testAll', 'testAll', 'testAll', 'testAll', 'testResetState']"
70,2007-06-26 21:10:23,"=HYPERLINK(""https://github.com/pmd/pmd/commit/14ec8c603243beccb580cfd12bb9d4dd4248e351"", ""14ec8c603243beccb580cfd12bb9d4dd4248e351"")",15,"['pmd/regress/test/net/sourceforge/pmd/rules/imports/DontImportJavaLangRuleTest.java', 'pmd/regress/test/net/sourceforge/pmd/rules/imports/DuplicateImportsRuleTest.java', 'pmd/regress/test/net/sourceforge/pmd/rules/j2ee/MDBAndSessionBeanNamingConventionTest.java', 'pmd/regress/test/net/sourceforge/pmd/rules/finalizers/FinalizeDoesNotCallSuperFinalizeRuleTest.java', 'pmd/regress/test/net/sourceforge/pmd/rules/j2ee/LocalHomeNamingConventionTest.java', 'pmd/regress/test/net/sourceforge/pmd/rules/finalizers/FinalizeOverloadedRuleTest.java', 'pmd/regress/test/net/sourceforge/pmd/rules/finalizers/EmptyFinalizerRuleTest.java', 'pmd/regress/test/net/sourceforge/pmd/rules/j2ee/RemoteInterfaceNamingConventionTest.java', 'pmd/regress/test/net/sourceforge/pmd/rules/j2ee/LocalInterfaceSessionNamingConventionTest.java', 'pmd/regress/test/net/sourceforge/pmd/rules/finalizers/FinalizeOnlyCallsSuperFinalizeRuleTest.java', 'pmd/regress/test/net/sourceforge/pmd/rules/imports/UnusedImportsRuleTest.java', 'pmd/regress/test/net/sourceforge/pmd/rules/finalizers/AvoidCallingFinalizeTest.java', 'pmd/regress/test/net/sourceforge/pmd/rules/finalizers/FinalizeShouldBeProtectedRuleTest.java', 'pmd/regress/test/net/sourceforge/pmd/rules/j2ee/RemoteSessionInterfaceNamingConventionTest.java', 'pmd/regress/test/net/sourceforge/pmd/rules/j2ee/UseProperClassLoaderTest.java']",15,"['testAll', 'testAll', 'testAll', 'testAll', 'testAll', 'testAll', 'testAll', 'testAll', 'testAll', 'testAll', 'testAll', 'testAll', 'testAll', 'testAll', 'testAll']"
19,2007-06-26 21:29:19,"=HYPERLINK(""https://github.com/pmd/pmd/commit/bec9a1b8a38ee3377c0be162ea65ef5cbc77cc1b"", ""bec9a1b8a38ee3377c0be162ea65ef5cbc77cc1b"")",12,"['pmd/regress/test/net/sourceforge/pmd/rules/junit/JUnitTestsShouldContainAssertsTest.java', 'pmd/regress/test/net/sourceforge/pmd/rules/junit/UseAssertSameInsteadOfAssertTrueTest.java', 'pmd/regress/test/net/sourceforge/pmd/rules/javabeans/MissingSerialVersionUIDTest.java', 'pmd/regress/test/net/sourceforge/pmd/rules/junit/JUnitSpellingRuleTest.java', 'pmd/regress/test/net/sourceforge/pmd/rules/junit/SimplifyBooleanAssertionTest.java', 'pmd/regress/test/net/sourceforge/pmd/rules/junit/TestClassWithoutTestCasesTest.java', 'pmd/regress/test/net/sourceforge/pmd/rules/junit/UnnecessaryBooleanAssertionTest.java', 'pmd/regress/test/net/sourceforge/pmd/rules/junit/JUnitStaticSuiteRuleTest.java', 'pmd/regress/test/net/sourceforge/pmd/rules/junit/JUnitAssertionsShouldIncludeMessageTest.java', 'pmd/regress/test/net/sourceforge/pmd/rules/junit/UseAssertEqualsInsteadOfAssertTrueTest.java', 'pmd/regress/test/net/sourceforge/pmd/rules/junit/UseAssertNullInsteadOfAssertTrueTest.java', 'pmd/regress/test/net/sourceforge/pmd/rules/javabeans/BeanMembersShouldSerializeRuleTest.java']",12,"['testAll', 'testAll', 'testAll', 'testAll', 'testAll', 'testAll', 'testAll', 'testAll', 'testAll', 'testAll', 'testAll', 'testAll']"
33,2007-06-27 17:07:30,"=HYPERLINK(""https://github.com/pmd/pmd/commit/a850f6275ceff130d913b1a4c7e0c9372c57356d"", ""a850f6275ceff130d913b1a4c7e0c9372c57356d"")",53,"['pmd/regress/test/net/sourceforge/pmd/rules/naming/ShortMethodNameTest.java', 'pmd/regress/test/net/sourceforge/pmd/rules/strictexception/ExceptionAsFlowControlTest.java', 'pmd/regress/test/net/sourceforge/pmd/rules/naming/SuspiciousConstantFieldNameTest.java', 'pmd/regress/test/net/sourceforge/pmd/rules/strictexception/AvoidCatchingNPETest.java', 'pmd/regress/test/net/sourceforge/pmd/rules/strings/InefficientEmptyStringCheckTest.java', 'pmd/regress/test/net/sourceforge/pmd/rules/optimizations/MethodArgumentCouldBeFinalTest.java', 'pmd/regress/test/net/sourceforge/pmd/rules/strictexception/DoNotExtendJavaLangErrorTest.java', 'pmd/regress/test/net/sourceforge/pmd/rules/naming/AvoidDollarSignsRuleTest.java', 'pmd/regress/test/net/sourceforge/pmd/rules/strings/UnnecessaryCaseChangeRuleTest.java', 'pmd/regress/test/net/sourceforge/pmd/rules/naming/VariableNamingConventionsTest.java', 'pmd/regress/test/net/sourceforge/pmd/rules/naming/AvoidFieldNameMatchingTypeNameTest.java', 'pmd/regress/test/net/sourceforge/pmd/rules/naming/AvoidFieldNameMatchingMethodNameTest.java', 'pmd/regress/test/net/sourceforge/pmd/rules/strings/AppendCharacterWithCharTest.java', 'pmd/regress/test/net/sourceforge/pmd/rules/strings/StringToStringRuleTest.java', 'pmd/regress/test/net/sourceforge/pmd/rules/strictexception/AvoidCatchingThrowableRuleTest.java', 'pmd/regress/test/net/sourceforge/pmd/rules/optimizations/AvoidInstantiatingObjectsInLoopsTest.java', 'pmd/regress/test/net/sourceforge/pmd/rules/optimizations/UnnecessaryWrapperObjectCreationTest.java', 'pmd/regress/test/net/sourceforge/pmd/rules/loggingjava/SystemPrintlnTest.java', 'pmd/regress/test/net/sourceforge/pmd/rules/naming/PackageCaseTest.java', 'pmd/regress/test/net/sourceforge/pmd/rules/strings/UselessStringValueOfTest.java', 'pmd/regress/test/net/sourceforge/pmd/rules/naming/SuspiciousEqualsMethodNameRuleTest.java', 'pmd/regress/test/net/sourceforge/pmd/rules/optimizations/SimplifyStartsWithTest.java', 'pmd/regress/test/net/sourceforge/pmd/rules/naming/MisleadingVariableNameTest.java', 'pmd/regress/test/net/sourceforge/pmd/rules/strictexception/ExceptionSignatureDeclarationRuleTest.java', 'pmd/regress/test/net/sourceforge/pmd/rules/loggingjava/AvoidPrintStackTraceTest.java', 'pmd/regress/test/net/sourceforge/pmd/rules/naming/NoPackageTest.java', 'pmd/regress/test/net/sourceforge/pmd/rules/strings/InsufficientStringBufferDeclarationTest.java', 'pmd/regress/test/net/sourceforge/pmd/rules/strings/UseStringBufferLengthTest.java', 'pmd/regress/test/net/sourceforge/pmd/rules/strings/InefficientStringBufferingTest.java', 'pmd/regress/test/net/sourceforge/pmd/rules/strictexception/AvoidThrowingNullPointerExceptionTest.java', 'pmd/regress/test/net/sourceforge/pmd/rules/optimizations/UseArrayListInsteadOfVectorTest.java', 'pmd/regress/test/net/sourceforge/pmd/rules/loggingjava/LoggerIsNotStaticFinalTest.java', 'pmd/regress/test/net/sourceforge/pmd/rules/loggingjava/MoreThanOneLoggerTest.java', 'pmd/regress/test/net/sourceforge/pmd/rules/strings/ConsecutiveLiteralAppendsTest.java', 'pmd/regress/test/net/sourceforge/pmd/rules/naming/MethodWithSameNameAsEnclosingClassRuleTest.java', 'pmd/regress/test/net/sourceforge/pmd/rules/strictexception/AvoidThrowingRawExceptionTypesTest.java', 'pmd/regress/test/net/sourceforge/pmd/rules/optimizations/LocalVariableCouldBeFinalTest.java', 'pmd/regress/test/net/sourceforge/pmd/rules/strings/StringBufferInstantiationWithCharTest.java', 'pmd/regress/test/net/sourceforge/pmd/rules/naming/AbstractNamingTest.java', 'pmd/regress/test/net/sourceforge/pmd/rules/naming/BooleanGetMethodNameTest.java', 'pmd/regress/test/net/sourceforge/pmd/rules/naming/ShortVariableRuleTest.java', 'pmd/regress/test/net/sourceforge/pmd/rules/naming/SuspiciousHashcodeMethodNameRuleTest.java', 'pmd/regress/test/net/sourceforge/pmd/rules/optimizations/UseArraysAsListTest.java', 'pmd/regress/test/net/sourceforge/pmd/rules/naming/MethodNamingConventionsTest.java', 'pmd/regress/test/net/sourceforge/pmd/rules/strings/UseIndexOfCharTest.java', 'pmd/regress/test/net/sourceforge/pmd/rules/naming/LongVariableRuleTest.java', 'pmd/regress/test/net/sourceforge/pmd/rules/naming/AvoidNonConstructorMethodsWithClassNameTest.java', 'pmd/regress/test/net/sourceforge/pmd/rules/strings/StringInstantiationRuleTest.java', 'pmd/regress/test/net/sourceforge/pmd/rules/naming/ClassNamingConventionsTest.java', 'pmd/regress/test/net/sourceforge/pmd/rules/optimizations/AvoidArrayLoopsTest.java', 'pmd/regress/test/net/sourceforge/pmd/rules/strictexception/AvoidRethrowingExceptionTest.java', 'pmd/regress/test/net/sourceforge/pmd/rules/optimizations/AddEmptyStringTest.java', 'pmd/regress/test/net/sourceforge/pmd/rules/optimizations/UseStringBufferForStringAppendsTest.java']",53,"['testAll', 'testAll', 'testAll', 'testAll', 'testAll', 'testAll', 'testAll', 'testAll', 'testAll', 'testAll', 'testAll', 'testAll', 'testAll', 'testAll', 'testAll', 'testAll', 'testAll', 'testAll', 'testAll', 'testAll', 'testAll', 'testAll', 'testAll', 'testAll', 'testAll', 'testAll', 'testAll', 'testAll', 'testAll', 'testAll', 'testAll', 'testAll', 'testAll', 'testAll', 'testAll', 'testAll', 'testAll', 'testAll', 'testAll', 'testAll', 'testAll', 'testAll', 'testAll', 'testAll', 'testAll', 'testAll', 'testAll', 'testAll', 'testAll', 'testAll', 'testAll', 'testAll', 'testAll']"
21,2007-06-28 08:15:18,"=HYPERLINK(""https://github.com/pmd/pmd/commit/59afc3a38b1d67e19b69b677818cb62703f17e69"", ""59afc3a38b1d67e19b69b677818cb62703f17e69"")",2,"['pmd/regress/test/net/sourceforge/pmd/rules/loggingjakartacommons/ProperLoggerTest.java', 'pmd/regress/test/net/sourceforge/pmd/rules/loggingjakartacommons/UseCorrectExceptionLoggingTest.java']",2,"['testAll', 'testAll']"
5,2007-06-28 08:22:16,"=HYPERLINK(""https://github.com/pmd/pmd/commit/cd089a159fce7afcfae89b96f76544c4c15d4adc"", ""cd089a159fce7afcfae89b96f76544c4c15d4adc"")",4,"['pmd/regress/test/net/sourceforge/pmd/rules/unusedcode/UnusedPrivateFieldRuleTest.java', 'pmd/regress/test/net/sourceforge/pmd/rules/unusedcode/UnusedLocalVariableTest.java', 'pmd/regress/test/net/sourceforge/pmd/rules/unusedcode/UnusedFormalParameterRuleTest.java', 'pmd/regress/test/net/sourceforge/pmd/rules/unusedcode/UnusedPrivateMethodRuleTest.java']",4,"['testAll', 'testAll', 'testAll', 'testAll']"
51,2007-06-28 19:48:05,"=HYPERLINK(""https://github.com/pmd/pmd/commit/886974a2f11e24d4bc9ace91d2bb41c8c5c242a2"", ""886974a2f11e24d4bc9ace91d2bb41c8c5c242a2"")",17,"['pmd/regress/test/net/sourceforge/pmd/rules/migrating/JUnitUseExpectedTest.java', 'pmd/regress/test/net/sourceforge/pmd/rules/migrating/ShortInstantiationTest.java', 'pmd/regress/test/net/sourceforge/pmd/rules/sunsecure/MethodReturnsInternalArrayTest.java', 'pmd/regress/test/net/sourceforge/pmd/rules/migrating/ReplaceHashtableWithMapTest.java', 'pmd/regress/test/net/sourceforge/pmd/rules/migrating/AvoidAssertAsIdentifierTest.java', 'pmd/regress/test/net/sourceforge/pmd/rules/migrating/ReplaceEnumerationWithIteratorTest.java', 'pmd/regress/test/net/sourceforge/pmd/rules/migrating/AvoidEnumAsIdentifierTest.java', 'pmd/regress/test/net/sourceforge/pmd/rules/migrating/JUnit4TestShouldUseBeforeAnnotationTest.java', 'pmd/regress/test/net/sourceforge/pmd/rules/imports/ImportFromSamePackageRuleTest.java', 'pmd/regress/test/net/sourceforge/pmd/rules/migrating/JUnit4SuitesShouldUseSuiteAnnotationTest.java', 'pmd/regress/test/net/sourceforge/pmd/rules/migrating/ReplaceVectorWithListTest.java', 'pmd/regress/test/net/sourceforge/pmd/rules/migrating/JUnit4TestShouldUseTestAnnotationTest.java', 'pmd/regress/test/net/sourceforge/pmd/rules/migrating/LongInstantiationTest.java', 'pmd/regress/test/net/sourceforge/pmd/rules/sunsecure/ArrayIsStoredDirectlyTest.java', 'pmd/regress/test/net/sourceforge/pmd/rules/migrating/JUnit4TestShouldUseAfterAnnotationTest.java', 'pmd/regress/test/net/sourceforge/pmd/rules/migrating/IntegerInstantiationTest.java', 'pmd/regress/test/net/sourceforge/pmd/rules/migrating/ByteInstantiationTest.java']",17,"['testAll', 'testOne', 'testAll', 'testAll', 'testAll', 'testAll', 'testAll', 'testAll', 'testAll', 'testAll', 'testAll', 'testAll', 'testAll', 'testAll', 'testAll', 'testAll', 'testAll']"
41,2008-10-17 22:27:58,"=HYPERLINK(""https://github.com/pmd/pmd/commit/90bbf701a5def6c18567f0b2f57849ca92762a15"", ""90bbf701a5def6c18567f0b2f57849ca92762a15"")",1,['pmd/regress/test/net/sourceforge/pmd/lang/java/rule/DynamicRuleTest.java'],1,['testAll']
9,2009-04-24 23:56:49,"=HYPERLINK(""https://github.com/pmd/pmd/commit/be4d3dd6b46e284cbe840fce7a2bb0aa5dab8da2"", ""be4d3dd6b46e284cbe840fce7a2bb0aa5dab8da2"")",1,['pmd/regress/test/net/sourceforge/pmd/lang/java/rule/unnecessary/UnusedNullCheckInEqualsTest.java'],2,"['testAll', 'testN']"
11,2011-12-11 07:41:31,"=HYPERLINK(""https://github.com/pmd/pmd/commit/90b9a04858802bc2a3361125bc2ae28c9c840ee2"", ""90b9a04858802bc2a3361125bc2ae28c9c840ee2"")",1,['maven-plugin-pmd-build/regress/PmdBuildTest.java'],1,['generateIndexRules']
47,2013-03-13 14:31:33,"=HYPERLINK(""https://github.com/pmd/pmd/commit/3bf8eb9d1f40fd6b278bd2baf0adbc712cd6dc85"", ""3bf8eb9d1f40fd6b278bd2baf0adbc712cd6dc85"")",1,['pmd/src/test/java/net/sourceforge/pmd/lang/java/rule/design/TooManyHttpFilterTest.java'],1,['testDefault']
74,2013-11-11 13:08:48,"=HYPERLINK(""https://github.com/pmd/pmd/commit/54f77b9ad4867a476ae4481b6d32752b848a9d97"", ""54f77b9ad4867a476ae4481b6d32752b848a9d97"")",1,['pmd/src/test/java/net/sourceforge/pmd/lang/java/rule/design/UncommentedEmptyConstructorRuleTest.java'],2,"['testDefault', 'testIgnoredConstructorInvocation']"
28,2015-03-07 14:12:04,"=HYPERLINK(""https://github.com/pmd/pmd/commit/59b14bd00969b2e98bfb4ec13be0eaed1beef709"", ""59b14bd00969b2e98bfb4ec13be0eaed1beef709"")",1,['pmd-java8/src/test/java/net/sourceforge/pmd/lang/java/bugs/Java8MultipleLambdasTest.java'],1,['should_not_fail']
31,2017-02-15 17:36:31,"=HYPERLINK(""https://github.com/pmd/pmd/commit/5c91394619adac230cfc9ad7d860d079e91c4d80"", ""5c91394619adac230cfc9ad7d860d079e91c4d80"")",1,['pmd-visualforce/src/test/java/net/sourceforge/pmd/lang/vf/ast/XPathJspRuleTest.java'],1,['testExpressionMatching']
24,2017-02-28 22:12:42,"=HYPERLINK(""https://github.com/pmd/pmd/commit/b7974d0486a205c4e9e2848517f408a77509f81a"", ""b7974d0486a205c4e9e2848517f408a77509f81a"")",1,['pmd-visualforce/src/test/java/net/sourceforge/pmd/lang/vf/ast/XPathJspRuleTest.java'],1,['testExpressionMatching']
25,2017-04-14 15:41:50,"=HYPERLINK(""https://github.com/pmd/pmd/commit/c26891a09149357ceeb05752df6d69eaac236e6e"", ""c26891a09149357ceeb05752df6d69eaac236e6e"")",1,['pmd-apex/src/test/java/net/sourceforge/pmd/lang/apex/SuppressWarningsTest.java'],13,"['testClassLevelSuppression', 'testInheritedSuppression', 'testMethodLevelSuppression', 'testConstructorLevelSuppression', 'testFieldLevelSuppression', 'testParameterLevelSuppression', 'testLocalVariableLevelSuppression', 'testSpecificSuppression', 'testSpecificSuppressionMulitpleValues', 'testNoSuppressionBlank', 'testNoSuppressionSomethingElseS', 'testSuppressAll', 'testSpecificSuppressionAtTopLevel']"
62,2017-06-17 05:42:13,"=HYPERLINK(""https://github.com/pmd/pmd/commit/2c861a2f6c040b348aa6ffe9a64f2eb106c2bbfb"", ""2c861a2f6c040b348aa6ffe9a64f2eb106c2bbfb"")",1,['pmd-cpp/src/test/java/net/sourceforge/pmd/lang/cpp/ContinuationReaderTest.java'],1,['testHappyPath']
4,2017-10-01 19:24:39,"=HYPERLINK(""https://github.com/pmd/pmd/commit/619f19cd831fc94b2191187f2085d7556127f08b"", ""619f19cd831fc94b2191187f2085d7556127f08b"")",1,['pmd-ui/src/test/java/net/sourceforge/pmd/util/fxdesigner/DesignerWindowSettingsTest.java'],1,['testKeysNamesAreUnique']
36,2018-11-26 06:55:35,"=HYPERLINK(""https://github.com/pmd/pmd/commit/32002664f7cf908d1a522a21e8fa306f4485c70e"", ""32002664f7cf908d1a522a21e8fa306f4485c70e"")",1,['pmd-python/src/test/java/net/sourceforge/pmd/LanguageVersionDiscovererTest.java'],1,['testPython']
12,2018-11-30 09:10:18,"=HYPERLINK(""https://github.com/pmd/pmd/commit/41d52818b1f4d0c314d9053cc3aa3402c209c642"", ""41d52818b1f4d0c314d9053cc3aa3402c209c642"")",1,['pmd-core/src/test/java/net/sourceforge/pmd/properties/PropertyAccessorTest.java'],4,"['testIntegers', 'testBooleans', 'testFloats', 'testStrings']"
75,2018-12-01 04:18:18,"=HYPERLINK(""https://github.com/pmd/pmd/commit/db630557bac9a804b3c303be76c96169432312bd"", ""db630557bac9a804b3c303be76c96169432312bd"")",1,['pmd-java8/src/test/java/net/sourceforge/pmd/lang/java/bugs/InterfaceMethodTest.java'],1,['shouldNotFail']
45,2019-01-05 15:57:58,"=HYPERLINK(""https://github.com/pmd/pmd/commit/45c8f50930abd69ca6b11c229c7571d341aedbef"", ""45c8f50930abd69ca6b11c229c7571d341aedbef"")",1,['pmd-java/src/test/java/net/sourceforge/pmd/lang/java/ast/ASTMethodDeclarationTest.java'],1,['testGetVariableName']
67,2019-01-23 11:35:11,"=HYPERLINK(""https://github.com/pmd/pmd/commit/ba8f318ef9405a2e90cef78cd6e349da68f06f55"", ""ba8f318ef9405a2e90cef78cd6e349da68f06f55"")",1,['pmd-apex/src/test/java/net/sourceforge/pmd/lang/apex/rule/ApexXpathRuleTest.java'],1,['testXPathAttributesOfUnderlyingNode']
29,2019-05-20 13:27:07,"=HYPERLINK(""https://github.com/pmd/pmd/commit/920b061083f489f287a2302ec12d05479a479779"", ""920b061083f489f287a2302ec12d05479a479779"")",1,['pmd-java/src/test/java/net/sourceforge/pmd/lang/java/ast/ASTAssignmentOperatorTest.java'],3,"['testSimpleAssignmentRecognized', 'testCompoundAssignmentPlusRecognized', 'testCompoundAssignmentMultRecognized']"
53,2019-05-20 13:27:07,"=HYPERLINK(""https://github.com/pmd/pmd/commit/ef7605ad6b8deb432c88d79abc14c65d2fbf7500"", ""ef7605ad6b8deb432c88d79abc14c65d2fbf7500"")",1,['pmd-java/src/test/java/net/sourceforge/pmd/lang/java/ast/ASTPrimarySuffixTest.java'],2,"['testArrayDereference', 'testArguments']"
71,2019-06-01 17:05:48,"=HYPERLINK(""https://github.com/pmd/pmd/commit/90d1467735393c8d9b9f79da1191fdfb5a3130e2"", ""90d1467735393c8d9b9f79da1191fdfb5a3130e2"")",1,['pmd-java/src/test/java/net/sourceforge/pmd/lang/java/ast/ASTBlockStatementTest.java'],2,"['testIsAllocation', 'testIsAllocation2']"
13,2019-09-12 20:23:18,"=HYPERLINK(""https://github.com/pmd/pmd/commit/d3c98dd14876b161c29904df8c2d9044c929c67f"", ""d3c98dd14876b161c29904df8c2d9044c929c67f"")",1,['pmd-java/src/test/java/net/sourceforge/pmd/lang/java/rule/design/StdCyclomaticComplexityTest.java'],1,['entryStackMustBeEmpty']
22,2019-09-17 12:30:31,"=HYPERLINK(""https://github.com/pmd/pmd/commit/e09ea8ce1a21f8c1ae0b4f265cc0b6aba1ad0ec3"", ""e09ea8ce1a21f8c1ae0b4f265cc0b6aba1ad0ec3"")",1,['pmd-scala/src/test/java/net/sourceforge/pmd/lang/scala/ast/ScalaParserTest.java'],1,['testCountNodes']
20,2019-11-22 10:59:38,"=HYPERLINK(""https://github.com/pmd/pmd/commit/8c5fd6956dc406abaf57260275d5c5762bf4ed0b"", ""8c5fd6956dc406abaf57260275d5c5762bf4ed0b"")",1,['pmd-java/src/test/java/net/sourceforge/pmd/lang/java/ast/ASTAnnotationTest.java'],3,"['testAnnotationSucceedsWithDefaultMode', 'testAnnotationFailsWithJDK14', 'testAnnotationSucceedsWithJDK15']"
10,2020-01-02 19:09:16,"=HYPERLINK(""https://github.com/pmd/pmd/commit/86086bc04acf705e284735cf526a5898cfea826a"", ""86086bc04acf705e284735cf526a5898cfea826a"")",1,['pmd-core/src/test/java/net/sourceforge/pmd/util/filter/RegexStringFilterTest.java'],5,"['testFilterAbsoluteWithExtension', 'testFilterAbsoluteWithoutExtension', 'testFilterRelativeWithExtension', 'testFilterRelativeWithoutExtension', 'testEndsWith']"
32,2020-01-10 14:15:15,"=HYPERLINK(""https://github.com/pmd/pmd/commit/d6296bd85fb3981124ebd0bbe855c7f9f2a1ec7f"", ""d6296bd85fb3981124ebd0bbe855c7f9f2a1ec7f"")",1,['pmd-java/src/test/java/net/sourceforge/pmd/lang/java/ast/ASTLiteralTest.java'],15,"['testIsStringLiteral', 'testIsNotStringLiteral', 'testIsIntIntLiteral', 'testIsIntLongLiteral', 'testIsFloatFloatLiteral', 'testIsFloatDoubleLiteral', 'testIsCharLiteral', 'testIntValueParsing', 'testIntValueParsingBinary', 'testIntValueParsingNegativeHexa', 'testFloatValueParsingNegative', 'testStringUnicodeEscapesNotEscaped', 'testStringUnicodeEscapesInvalid', 'testStringUnicodeEscapesValid', 'testCharacterUnicodeEscapesValid']"
6,2020-01-19 01:36:35,"=HYPERLINK(""https://github.com/pmd/pmd/commit/aa9a9c2bed2084897e4f311c8783b8a89858a876"", ""aa9a9c2bed2084897e4f311c8783b8a89858a876"")",2,"['pmd-java/src/test/java/net/sourceforge/pmd/lang/java/rule/design/StdCyclomaticComplexityTest.java', 'pmd-apex/src/test/java/net/sourceforge/pmd/lang/apex/rule/design/StdCyclomaticComplexityTest.java']",2,"['entryStackMustBeEmpty', 'entryStackMustBeEmpty']"
52,2020-02-28 12:37:13,"=HYPERLINK(""https://github.com/pmd/pmd/commit/eae6e96db0b469e72e61e6e0cd1ee23465c7f30d"", ""eae6e96db0b469e72e61e6e0cd1ee23465c7f30d"")",1,['pmd-java/src/test/java/net/sourceforge/pmd/lang/java/ast/Java12Test.java'],4,"['testMultipleCaseLabelsJava11', 'testSwitchRulesJava11', 'testSwitchExpressionsJava11', 'testSwitchExpressionsBreak']"
56,2020-05-18 07:57:54,"=HYPERLINK(""https://github.com/pmd/pmd/commit/cc23b61b0308167ed0ea16cbc3bc30d11659b298"", ""cc23b61b0308167ed0ea16cbc3bc30d11659b298"")",1,['pmd-core/src/test/java/net/sourceforge/pmd/lang/rule/internal/ComparatorTest.java'],3,"['transitivityTest', 'assymetryTest', 'substitutabilityTest']"
68,2020-06-13 13:14:08,"=HYPERLINK(""https://github.com/pmd/pmd/commit/0a1e82efad8a838da894ba8cbdbfa8d60a5fe005"", ""0a1e82efad8a838da894ba8cbdbfa8d60a5fe005"")",1,['pmd-cpp/src/test/java/net/sourceforge/pmd/cpd/CPPTokenizerContinuationTest.java'],4,"['parseWithContinuation', 'parseWithContinuationCppTokenManager', 'testContinuationIntraToken', 'testContinuationInterToken']"
60,2020-06-13 15:00:58,"=HYPERLINK(""https://github.com/pmd/pmd/commit/4b3d58d4c98e78ab61b9b0d5c31ede6c32707715"", ""4b3d58d4c98e78ab61b9b0d5c31ede6c32707715"")",2,"['pmd-go/src/test/java/net/sourceforge/pmd/cpd/EdgeCasesTokenizerTest.java', 'pmd-go/src/test/java/net/sourceforge/pmd/cpd/GoCPDTokenizerTest.java']",2,"['testEscapedBackSlash', 'tokenizeTest']"
64,2020-06-13 16:44:34,"=HYPERLINK(""https://github.com/pmd/pmd/commit/60d028a28212be292d670253b5027824a197805b"", ""60d028a28212be292d670253b5027824a197805b"")",2,"['pmd-objectivec/src/test/java/net/sourceforge/pmd/cpd/UnicodeObjectiveCTokenizerTest.java', 'pmd-objectivec/src/test/java/net/sourceforge/pmd/cpd/UTF8EscapesInStringLiteralObjCTokenizerTest.java']",3,"['tokenizeTest', 'tokenizeTest', 'testIgnoreBetweenSpecialComments']"
46,2020-06-13 16:58:17,"=HYPERLINK(""https://github.com/pmd/pmd/commit/aedd2ce49376042e3dbdcb1d9147754214ff4697"", ""aedd2ce49376042e3dbdcb1d9147754214ff4697"")",1,['pmd-swift/src/test/java/net/sourceforge/pmd/cpd/Issue628Test.java'],1,['tokenize']
43,2020-07-28 06:08:47,"=HYPERLINK(""https://github.com/pmd/pmd/commit/d650c87d8d4a60d4ad6fe2a514524d952a50bd94"", ""d650c87d8d4a60d4ad6fe2a514524d952a50bd94"")",1,['pmd-core/src/test/java/net/sourceforge/pmd/lang/dfa/report/ViolationNodeTest.java'],7,"['testEqualsNodeWithTwoEqualViolations', 'testEqualsNodeWithTwoDifferentViolationsDifferentFilename', 'testEqualsNodeWithTwoDifferentViolationsDifferentBeginLine', 'testEqualsNodeWithTwoDifferentViolationsDifferentEndLine', 'testEqualsNodeWithTwoDifferentViolationsDifferentBeginColumn', 'testEqualsNodeWithTwoDifferentViolationsDifferentEndColumn', 'testEqualsNodeWithTwoDifferentViolationsDifferentVariableName']"
30,2020-08-03 16:17:01,"=HYPERLINK(""https://github.com/pmd/pmd/commit/bf3d3083eba32c43c836dd2920fe29a43d654ab4"", ""bf3d3083eba32c43c836dd2920fe29a43d654ab4"")",1,['pmd-plsql/src/test/java/net/sourceforge/pmd/lang/plsql/dfa/StatementAndBraceFinderTest.java'],7,"['testExpressionParentChildLinks', 'testVariableOrConstantDeclaratorParentChildLinks', 'testIfStmtHasCorrectTypes', 'testWhileStmtHasCorrectTypes', 'testForStmtHasCorrectTypes', 'testSimpleCaseStmtHasCorrectTypes', 'testLabelledStmtHasCorrectTypes']"
61,2020-08-13 12:15:02,"=HYPERLINK(""https://github.com/pmd/pmd/commit/575d1262a9dc5dbe519d3f17bb3e2b23a5864140"", ""575d1262a9dc5dbe519d3f17bb3e2b23a5864140"")",1,['pmd-java/src/test/java/net/sourceforge/pmd/lang/java/ast/Java13Test.java'],5,"['testSwitchExpressions', 'testSwitchExpressionsYield', 'testSwitchExpressionsBeforeJava13', 'testTextBlocks', 'testTextBlocksBeforeJava13']"
59,2020-09-14 11:13:42,"=HYPERLINK(""https://github.com/pmd/pmd/commit/35481bda4b59b2b032216cb92f94959a8742aeef"", ""35481bda4b59b2b032216cb92f94959a8742aeef"")",1,['pmd-apex/src/test/java/net/sourceforge/pmd/lang/apex/metrics/ApexProjectMirrorTest.java'],2,"['memoizationTest', 'forceMemoizationTest']"
26,2020-09-28 13:20:32,"=HYPERLINK(""https://github.com/pmd/pmd/commit/020fa899d515697f6383d1d53d399beda5352015"", ""020fa899d515697f6383d1d53d399beda5352015"")",1,['pmd-java/src/test/java/net/sourceforge/pmd/lang/java/rule/JavaRuleViolationFactoryTest.java'],1,['messageWithSingleBrace']
18,2020-10-17 20:19:16,"=HYPERLINK(""https://github.com/pmd/pmd/commit/dbf3f80853c347f2114e96aba7710b77bfc4d8ff"", ""dbf3f80853c347f2114e96aba7710b77bfc4d8ff"")",1,['pmd-apex/src/test/java/net/sourceforge/pmd/lang/apex/multifile/ApexMultifileVisitorTest.java'],2,"['testProjectMirrorNotNull', 'testOperationsAreThere']"
69,2020-12-12 16:01:06,"=HYPERLINK(""https://github.com/pmd/pmd/commit/3202136bd9798bbfb10c74245779d285f7c0fad3"", ""3202136bd9798bbfb10c74245779d285f7c0fad3"")",1,['pmd-xml/src/test/java/net/sourceforge/pmd/lang/xml/rule/AbstractDomXmlRuleTest.java'],3,"['testVisit', 'dtdIsNotLookedUp', 'xsdIsNotLookedUp']"
57,2020-12-14 06:18:46,"=HYPERLINK(""https://github.com/pmd/pmd/commit/053c439a43d39797a08c09f7dcb17470272ab1db"", ""053c439a43d39797a08c09f7dcb17470272ab1db"")",1,['pmd-xml/src/test/java/net/sourceforge/pmd/lang/xml/rule/AbstractDomXmlRuleTest.java'],3,"['testVisit', 'dtdIsNotLookedUp', 'xsdIsNotLookedUp']"
17,2021-02-15 12:58:55,"=HYPERLINK(""https://github.com/pmd/pmd/commit/3b151e31c4138f06204d637b396747e089478f61"", ""3b151e31c4138f06204d637b396747e089478f61"")",1,['pmd-java/src/test/java/net/sourceforge/pmd/lang/java/ast/Java14PreviewTest.java'],10,"['textBlocks', 'textBlocksBeforeJava14PreviewShouldFail', 'stringEscapeSequenceShouldFail', 'patternMatchingInstanceof', 'patternMatchingInstanceofBeforeJava14PreviewShouldFail', 'recordPoint', 'recordPointBeforeJava14PreviewShouldFail', 'recordCtorWithThrowsShouldFail', 'innerRecords', 'recordIsARestrictedIdentifier']"
1,2021-07-01 05:11:54,"=HYPERLINK(""https://github.com/pmd/pmd/commit/a4ee44f4b3eeebd58c76fa544c5743364830ad6b"", ""a4ee44f4b3eeebd58c76fa544c5743364830ad6b"")",1,['pmd-java/src/test/java/net/sourceforge/pmd/lang/java/ast/Java15PreviewTreeDumpTest.java'],16,"['patternMatchingInstanceof', 'patternMatchingInstanceofBeforeJava15PreviewShouldFail', 'recordPoint', 'recordPointBeforeJava15PreviewShouldFail', 'recordCtorWithThrowsShouldFail', 'recordMustNotExtend', 'innerRecords', 'recordIsARestrictedIdentifier', 'localRecords', 'sealedClassBeforeJava15Preview', 'sealedClass', 'nonSealedClass', 'sealedInterfaceBeforeJava15Preview', 'sealedInterface', 'localInterfaceAndEnums', 'localInterfacesAndEnumsBeforeJava15PreviewShouldFail']"
54,2021-12-16 09:49:04,"=HYPERLINK(""https://github.com/pmd/pmd/commit/55f301cbd774314bab2116a5b7b609e082386d1f"", ""55f301cbd774314bab2116a5b7b609e082386d1f"")",1,['pmd-javascript/src/test/java/net/sourceforge/pmd/lang/ecmascript/EcmasccriptLanguageModuleTest.java'],2,"['canCreateRuleViolation', 'canCreateRuleViolationWithLineNumbers']"
50,2022-02-25 12:50:50,"=HYPERLINK(""https://github.com/pmd/pmd/commit/bad65fe858901f06ab21bf54ecf77d7ac430c083"", ""bad65fe858901f06ab21bf54ecf77d7ac430c083"")",1,['pmd-java/src/test/java/net/sourceforge/pmd/lang/java/ast/ASTFormalParameterTest.java'],1,['testVarargs']
14,2022-03-10 08:41:01,"=HYPERLINK(""https://github.com/pmd/pmd/commit/b769594fc76bbbb26530928721d827e60e4e0756"", ""b769594fc76bbbb26530928721d827e60e4e0756"")",1,['pmd-java/src/test/java/net/sourceforge/pmd/lang/java/ast/Java16PreviewTreeDumpTest.java'],5,"['sealedClassBeforeJava16Preview', 'sealedClass', 'nonSealedClass', 'sealedInterfaceBeforeJava15Preview', 'sealedInterface']"
16,2022-07-07 08:24:49,"=HYPERLINK(""https://github.com/pmd/pmd/commit/a5b68ddfcf81ef01c94ac8af88dc10fc7a7002be"", ""a5b68ddfcf81ef01c94ac8af88dc10fc7a7002be"")",1,['pmd-java/src/test/java/net/sourceforge/pmd/lang/java/ast/Java17PreviewTreeDumpTest.java'],8,"['patternMatchingForSwitchBeforeJava17Preview', 'patternMatchingForSwitch', 'enhancedTypeCheckingSwitch', 'scopeOfPatternVariableDeclarations', 'dealingWithNullBeforeJava17Preview', 'dealingWithNull', 'guardedAndParenthesizedPatternsBeforeJava17Preview', 'guardedAndParenthesizedPatterns']"
63,2022-09-29 08:04:35,"=HYPERLINK(""https://github.com/pmd/pmd/commit/58c9f361d3447e10e0ebcfe3cd00c7709a361267"", ""58c9f361d3447e10e0ebcfe3cd00c7709a361267"")",1,['pmd-java/src/test/java/net/sourceforge/pmd/lang/java/types/TestingFrameworkTypeUtilTest.java'],3,"['methodAnnotatedWithJunit5TestAnnotationTest', 'methodAnnotatedWithJunit5ParameterizedTestAnnotationTest', 'methodNotAnnotatedWithJunit5Annotation']"
27,2022-11-25 04:28:59,"=HYPERLINK(""https://github.com/pmd/pmd/commit/704102cd80d0169bb26f112c00005c4dba9a4049"", ""704102cd80d0169bb26f112c00005c4dba9a4049"")",1,['pmd-javascript/src/test/java/net/sourceforge/pmd/cli/CLITest.java'],1,['useEcmaScript']
65,2022-11-25 05:19:24,"=HYPERLINK(""https://github.com/pmd/pmd/commit/675710d0e790def5ffdb521d95ab3e3892b0f5b7"", ""675710d0e790def5ffdb521d95ab3e3892b0f5b7"")",1,['pmd-java/src/test/java/net/sourceforge/pmd/cli/CLITest.java'],7,"['minimalArgs', 'minimumPriority', 'usingDebug', 'usingDebugLongOption', 'changeJavaVersion', 'exitStatusNoViolations', 'exitStatusWithViolationsAndWithoutFailOnViolationsLongOption']"
