Parent,Total Testfiles,Total Deleted Testfiles,Deleted Testfiles,Total Preserved Testfiles,Computed Final Budget,Algorithm_FAST++_Total Detected Deleted Testfiles,Algorithm_FAST++_Total Failed To Detect Deleted Testfiles,Algorithm_FAST++_Detected Testfiles Line No,Algorithm_FAST++_Detected Testfiles,Algorithm_FAST++_Failed Detected Testfiles,Algorithm_FAST++_False Detected Testfiles Line No,Algorithm_FAST++_False Detected Testfiles,Algorithm_FAST++_Max_repetition,Algorithm_FAST++_Total execution time,Algorithm_FAST++_Total preparation time,Algorithm_FAST++_Optimal execution time,Algorithm_FAST++_Optimal preparation time,Algorithm_FAST-all_Total Detected Deleted Testfiles,Algorithm_FAST-all_Total Failed To Detect Deleted Testfiles,Algorithm_FAST-all_Detected Testfiles Line No,Algorithm_FAST-all_Detected Testfiles,Algorithm_FAST-all_Failed Detected Testfiles,Algorithm_FAST-all_False Detected Testfiles Line No,Algorithm_FAST-all_False Detected Testfiles,Algorithm_FAST-all_Max_repetition,Algorithm_FAST-all_Total execution time,Algorithm_FAST-all_Total preparation time,Algorithm_FAST-all_Optimal execution time,Algorithm_FAST-all_Optimal preparation time,Algorithm_FAST-CS_Total Detected Deleted Testfiles,Algorithm_FAST-CS_Total Failed To Detect Deleted Testfiles,Algorithm_FAST-CS_Detected Testfiles Line No,Algorithm_FAST-CS_Detected Testfiles,Algorithm_FAST-CS_Failed Detected Testfiles,Algorithm_FAST-CS_False Detected Testfiles Line No,Algorithm_FAST-CS_False Detected Testfiles,Algorithm_FAST-CS_Max_repetition,Algorithm_FAST-CS_Total execution time,Algorithm_FAST-CS_Total preparation time,Algorithm_FAST-CS_Optimal execution time,Algorithm_FAST-CS_Optimal preparation time,Algorithm_FAST-pw_Total Detected Deleted Testfiles,Algorithm_FAST-pw_Total Failed To Detect Deleted Testfiles,Algorithm_FAST-pw_Detected Testfiles Line No,Algorithm_FAST-pw_Detected Testfiles,Algorithm_FAST-pw_Failed Detected Testfiles,Algorithm_FAST-pw_False Detected Testfiles Line No,Algorithm_FAST-pw_False Detected Testfiles,Algorithm_FAST-pw_Max_repetition,Algorithm_FAST-pw_Total execution time,Algorithm_FAST-pw_Total preparation time,Algorithm_FAST-pw_Optimal execution time,Algorithm_FAST-pw_Optimal preparation time
d8ae0bdbefd1df0dda95f3402c323ca93962d16e,87,1,['src/test/org/apache/commons/lang/IncompleteArgumentExceptionTest.java'],86,92,1,0,[86],['./src/test/org/apache/commons/lang/IncompleteArgumentExceptionTest.java'],[],"[3, 5, 78, 85, 23, 26]","['./src/test/org/apache/commons/lang/reflect/FieldUtilsTest.java', './src/test/org/apache/commons/lang/reflect/ConstructorUtilsTest.java', './src/test/org/apache/commons/lang/StringUtilsSubstringTest.java', './src/test/org/apache/commons/lang/SystemUtilsTest.java', './src/test/org/apache/commons/lang/text/StrBuilderAppendInsertTest.java', './src/test/org/apache/commons/lang/text/ExtendedMessageFormatTest.java']",18,0.48200240199912514,6.6424829030002,0.1303788440000062,0.007342921999224927,1,0,[86],['./src/test/org/apache/commons/lang/IncompleteArgumentExceptionTest.java'],[],"[1, 40, 73, 45, 81, 51]","['./src/pending/DateFormatterTest.java', './src/test/org/apache/commons/lang/math/RangeTest.java', './src/test/org/apache/commons/lang/CharEncodingTest.java', './src/test/org/apache/commons/lang/math/NumberRangeTest.java', './src/test/org/apache/commons/lang/CharUtilsTest.java', './src/test/org/apache/commons/lang/builder/ToStringBuilderTest.java']",23,0.052901120003298274,111.18998323100095,2.2197919449990877,0.001011488000585814,1,0,[86],['./src/test/org/apache/commons/lang/IncompleteArgumentExceptionTest.java'],[],"[9, 75, 43, 12, 55, 57]","['./src/test/org/apache/commons/lang/mutable/MutableFloatTest.java', './src/test/org/apache/commons/lang/ValidateTest.java', './src/test/org/apache/commons/lang/math/AbstractRangeTest.java', './src/test/org/apache/commons/lang/mutable/MutableByteTest.java', './src/test/org/apache/commons/lang/builder/MultiLineToStringStyleTest.java', './src/test/org/apache/commons/lang/builder/ToStringStyleTest.java']",9,0.04986856299547071,6.626485940998464,0.1325535249998211,0.0010654899997462053,1,0,[86],['./src/test/org/apache/commons/lang/IncompleteArgumentExceptionTest.java'],[],"[64, 51, 83, 84, 85, 87]","['./src/test/org/apache/commons/lang/ClassUtilsTest.java', './src/test/org/apache/commons/lang/builder/ToStringBuilderTest.java', './src/test/org/apache/commons/lang/LocaleUtilsTest.java', './src/test/org/apache/commons/lang/CharUtilsPerfTest.java', './src/test/org/apache/commons/lang/SystemUtilsTest.java', './src/test/org/apache/commons/lang/RandomStringUtilsTest.java']",1,0.37972367299698817,111.65212844500093,2.2270019890002004,0.01714340800026548
22861326c26a7feaa13f08f5cb8c8f68bedb1225,108,5,"['src/test/java/org/apache/commons/lang3/compare/ComparableComparatorTest.java', 'src/test/java/org/apache/commons/lang3/compare/ComparatorChainTest.java', 'src/test/java/org/apache/commons/lang3/compare/NullComparatorTest.java', 'src/test/java/org/apache/commons/lang3/compare/ReverseComparatorTest.java', 'src/test/java/org/apache/commons/lang3/compare/FixedOrderComparatorTest.java']",103,92,4,1,"[31, 35, 33, 32]","['./src/test/java/org/apache/commons/lang3/compare/ComparableComparatorTest.java', './src/test/java/org/apache/commons/lang3/compare/ComparatorChainTest.java', './src/test/java/org/apache/commons/lang3/compare/NullComparatorTest.java', './src/test/java/org/apache/commons/lang3/compare/FixedOrderComparatorTest.java']",['./src/test/java/org/apache/commons/lang3/compare/ReverseComparatorTest.java'],"[38, 41, 42, 88, 30]","['./src/test/java/org/apache/commons/lang3/text/translate/UnicodeEscaperTest.java', './src/test/java/org/apache/commons/lang3/text/translate/OctalUnescaperTest.java', './src/test/java/org/apache/commons/lang3/text/translate/LookupTranslatorTest.java', './src/test/java/org/apache/commons/lang3/ArrayUtilsTest.java', './src/test/java/org/apache/commons/lang3/concurrent/AtomicSafeInitializerTest.java']",33,0.8944332670034782,7.746728720999272,0.15743362899956992,0.013696031000108633,2,3,"[31, 32]","['./src/test/java/org/apache/commons/lang3/compare/ComparableComparatorTest.java', './src/test/java/org/apache/commons/lang3/compare/FixedOrderComparatorTest.java']","['./src/test/java/org/apache/commons/lang3/compare/ComparatorChainTest.java', './src/test/java/org/apache/commons/lang3/compare/NullComparatorTest.java', './src/test/java/org/apache/commons/lang3/compare/ReverseComparatorTest.java']","[65, 66, 105, 106, 49, 50, 94]","['./src/test/java/org/apache/commons/lang3/tuple/ImmutablePairTest.java', './src/test/java/org/apache/commons/lang3/builder/StandardToStringStyleTest.java', './src/test/java/org/apache/commons/lang3/JavaVersionTest.java', './src/test/java/org/apache/commons/lang3/SystemUtilsTest.java', './src/test/java/org/apache/commons/lang3/text/CompositeFormatTest.java', './src/test/java/org/apache/commons/lang3/text/StrTokenizerTest.java', './src/test/java/org/apache/commons/lang3/StringUtilsTest.java']",4,0.07596915499834722,130.52578322000318,2.6478293560003294,0.0012404580002112198,1,4,[33],['./src/test/java/org/apache/commons/lang3/compare/NullComparatorTest.java'],"['./src/test/java/org/apache/commons/lang3/compare/ComparableComparatorTest.java', './src/test/java/org/apache/commons/lang3/compare/ComparatorChainTest.java', './src/test/java/org/apache/commons/lang3/compare/ReverseComparatorTest.java', './src/test/java/org/apache/commons/lang3/compare/FixedOrderComparatorTest.java']","[101, 105, 78, 86, 22, 24, 59, 63]","['./src/test/java/org/apache/commons/lang3/SerializationUtilsTest.java', './src/test/java/org/apache/commons/lang3/JavaVersionTest.java', './src/test/java/org/apache/commons/lang3/builder/CompareToBuilderTest.java', './src/test/java/org/apache/commons/lang3/CharSetUtilsTest.java', './src/test/java/org/apache/commons/lang3/concurrent/CallableBackgroundInitializerTest.java', './src/test/java/org/apache/commons/lang3/concurrent/BasicThreadFactoryTest.java', './src/test/java/org/apache/commons/lang3/time/DateUtilsFragmentTest.java', './src/test/java/org/apache/commons/lang3/tuple/MutablePairTest.java']",2,0.057956482000918186,7.621617031999449,0.15390263199969922,0.0010860189995582914,1,4,[33],['./src/test/java/org/apache/commons/lang3/compare/NullComparatorTest.java'],"['./src/test/java/org/apache/commons/lang3/compare/ComparableComparatorTest.java', './src/test/java/org/apache/commons/lang3/compare/ComparatorChainTest.java', './src/test/java/org/apache/commons/lang3/compare/ReverseComparatorTest.java', './src/test/java/org/apache/commons/lang3/compare/FixedOrderComparatorTest.java']","[70, 105, 106, 107, 108, 81, 85, 94]","['./src/test/java/org/apache/commons/lang3/builder/ToStringBuilderTest.java', './src/test/java/org/apache/commons/lang3/JavaVersionTest.java', './src/test/java/org/apache/commons/lang3/SystemUtilsTest.java', './src/test/java/org/apache/commons/lang3/ArrayUtilsRemoveMultipleTest.java', './src/test/java/org/apache/commons/lang3/RandomStringUtilsTest.java', './src/test/java/org/apache/commons/lang3/ObjectUtilsTest.java', './src/test/java/org/apache/commons/lang3/ClassUtilsTest.java', './src/test/java/org/apache/commons/lang3/StringUtilsTest.java']",8,1.2409937289985464,130.9229614629976,2.614863393999258,0.02663662499981001
8a57de11eec842e392f7709eb56f202084998a40,85,1,['src/test/org/apache/commons/lang/IntHashMapTest.java'],84,92,1,0,[53],['./src/test/org/apache/commons/lang/IntHashMapTest.java'],[],"[8, 72, 15, 51, 20, 30]","['./src/test/org/apache/commons/lang/mutable/MutableObjectTest.java', './src/test/org/apache/commons/lang/IllegalClassExceptionTest.java', './src/test/org/apache/commons/lang/text/StrLookupTest.java', './src/test/org/apache/commons/lang/builder/HashCodeBuilderAndEqualsBuilderTest.java', './src/test/org/apache/commons/lang/text/CompositeFormatTest.java', './src/test/org/apache/commons/lang/math/IEEE754rUtilsTest.java']",33,0.4399707100019441,6.522418634005589,0.1317690699997911,0.010483632000614307,1,0,[53],['./src/test/org/apache/commons/lang/IntHashMapTest.java'],[],"[2, 37, 12, 83, 19, 58]","['./src/pending/CalendarUtilsTest.java', './src/test/org/apache/commons/lang/math/FractionTest.java', './src/test/org/apache/commons/lang/mutable/MutableByteTest.java', './src/test/org/apache/commons/lang/SystemUtilsTest.java', './src/test/org/apache/commons/lang/text/ExtendedMessageFormatTest.java', './src/test/org/apache/commons/lang/BitFieldTest.java']",10,0.05084529300802387,110.74015299600251,2.224265237000509,0.0009836870012804866,1,0,[53],['./src/test/org/apache/commons/lang/IntHashMapTest.java'],[],"[6, 46, 17, 49, 85, 60]","['./src/test/org/apache/commons/lang/mutable/MutableLongTest.java', './src/test/org/apache/commons/lang/builder/EqualsBuilderTest.java', './src/test/org/apache/commons/lang/text/StrMatcherTest.java', './src/test/org/apache/commons/lang/builder/NoFieldNamesToStringStyleTest.java', './src/test/org/apache/commons/lang/RandomStringUtilsTest.java', './src/test/org/apache/commons/lang/CharSetUtilsTest.java']",2,0.04770829599146964,6.538716647000911,0.13295858099991165,0.0009684970009402605,0,1,[],[],[],[],[],0,0.3664997150081035,110.64828557999863,0,0
00f699c1602dc108f3c4d343dccfe6e7a1cb5a58,87,2,"['src/test/org/apache/commons/lang/EntitiesTest.java', 'src/test/org/apache/commons/lang/EntitiesPerformanceTest.java']",85,92,2,0,"[78, 69]","['./src/test/org/apache/commons/lang/EntitiesTest.java', './src/test/org/apache/commons/lang/EntitiesPerformanceTest.java']",[],"[32, 7, 9, 50, 53]","['./src/test/org/apache/commons/lang/math/LongRangeTest.java', './src/test/org/apache/commons/lang/mutable/MutableShortTest.java', './src/test/org/apache/commons/lang/mutable/MutableFloatTest.java', './src/test/org/apache/commons/lang/builder/ToStringStyleTest.java', './src/test/org/apache/commons/lang/IntHashMapTest.java']",4,0.5018991999995706,6.7160910250022425,0.1345758930001466,0.010195660000135831,1,1,[69],['./src/test/org/apache/commons/lang/EntitiesPerformanceTest.java'],['./src/test/org/apache/commons/lang/EntitiesTest.java'],"[33, 7, 73, 42, 24, 29]","['./src/test/org/apache/commons/lang/math/RangeTest.java', './src/test/org/apache/commons/lang/mutable/MutableShortTest.java', './src/test/org/apache/commons/lang/IllegalClassExceptionTest.java', './src/test/org/apache/commons/lang/builder/DefaultToStringStyleTest.java', './src/test/org/apache/commons/lang/time/DurationFormatUtilsTest.java', './src/test/org/apache/commons/lang/time/DateUtilsFragmentTest.java']",1,0.054096516997560684,111.67620299000373,2.226367776999723,0.001040972999362566,1,1,[69],['./src/test/org/apache/commons/lang/EntitiesPerformanceTest.java'],['./src/test/org/apache/commons/lang/EntitiesTest.java'],"[2, 10, 12, 87, 56, 28]","['./src/pending/CalendarUtilsTest.java', './src/test/org/apache/commons/lang/mutable/MutableDoubleTest.java', './src/test/org/apache/commons/lang/mutable/MutableByteTest.java', './src/test/org/apache/commons/lang/RandomStringUtilsTest.java', './src/test/org/apache/commons/lang/StringUtilsIsTest.java', './src/test/org/apache/commons/lang/time/DateUtilsRoundingTest.java']",7,0.052569146001587796,6.682881210997039,0.1328712730000916,0.0009910889993989258,0,2,[],[],[],[],[],0,0.38454459000240604,112.29601889300193,0,0
91a90af7673ade24edbb7c378b2a3b46fcf8e78a,97,1,['src/test/java/org/apache/commons/lang3/event/ReflectiveEventSupportTest.java'],96,92,1,0,[7],['./src/test/java/org/apache/commons/lang3/event/ReflectiveEventSupportTest.java'],[],"[64, 1, 3, 35, 82, 85, 27]","['./src/test/java/org/apache/commons/lang3/builder/ReflectionToStringBuilderExcludeTest.java', './src/pending/DateFormatterTest.java', './src/test/java/org/apache/commons/lang3/reflect/FieldUtilsTest.java', './src/test/java/org/apache/commons/lang3/text/translate/NumericEntityEscaperTest.java', './src/test/java/org/apache/commons/lang3/StringUtilsStartsEndsWithTest.java', './src/test/java/org/apache/commons/lang3/StringUtilsTest.java', './src/test/java/org/apache/commons/lang3/concurrent/BasicThreadFactoryTest.java']",5,0.5923655850010618,7.473291233996861,0.14667499999995925,0.017855314999906113,1,0,[7],['./src/test/java/org/apache/commons/lang3/event/ReflectiveEventSupportTest.java'],[],"[38, 13, 45, 16, 87, 90, 29]","['./src/test/java/org/apache/commons/lang3/text/StrLookupTest.java', './src/test/java/org/apache/commons/lang3/mutable/MutableObjectTest.java', './src/test/java/org/apache/commons/lang3/text/WordUtilsTest.java', './src/test/java/org/apache/commons/lang3/mutable/MutableBooleanTest.java', './src/test/java/org/apache/commons/lang3/StringUtilsTrimEmptyTest.java', './src/test/java/org/apache/commons/lang3/ArrayUtilsAddTest.java', './src/test/java/org/apache/commons/lang3/concurrent/AbstractConcurrentInitializerTest.java']",3,0.061335146005149,121.9595124059988,2.456127141000252,0.0016197290005948162,0,1,[],[],[],[],[],0,0.055681405004179396,7.438343546000397,0,0,0,1,[],[],[],[],[],0,0.49540663799689355,124.42961451000156,0,0
1330e9dad70336423e7f52f0a0f5f97c107d620c,98,2,"['src/pending/CalendarUtilsTest.java', 'src/pending/DateFormatterTest.java']",96,92,2,0,"[2, 1]","['./src/pending/CalendarUtilsTest.java', './src/pending/DateFormatterTest.java']",[],"[36, 8, 40, 50, 30, 31]","['./src/test/java/org/apache/commons/lang3/text/translate/UnicodeUnescaperTest.java', './src/test/java/org/apache/commons/lang3/event/EventListenerSupportTest.java', './src/test/java/org/apache/commons/lang3/text/StrMatcherTest.java', './src/test/java/org/apache/commons/lang3/time/FastDateFormatTest.java', './src/test/java/org/apache/commons/lang3/concurrent/ConstantInitializerTest.java', './src/test/java/org/apache/commons/lang3/concurrent/AtomicSafeInitializerTest.java']",22,0.5396003450014177,7.220291227999041,0.14266626599965093,0.00843705100032821,2,0,"[2, 1]","['./src/pending/CalendarUtilsTest.java', './src/pending/DateFormatterTest.java']",[],"[65, 66, 97, 79, 92, 62]","['./src/test/java/org/apache/commons/lang3/builder/MultiLineToStringStyleTest.java', './src/test/java/org/apache/commons/lang3/builder/NoFieldNamesToStringStyleTest.java', './src/test/java/org/apache/commons/lang3/SystemUtilsTest.java', './src/test/java/org/apache/commons/lang3/ArrayUtilsRemoveTest.java', './src/test/java/org/apache/commons/lang3/StringUtilsSubstringTest.java', './src/test/java/org/apache/commons/lang3/builder/SimpleToStringStyleTest.java']",28,0.061099059001207934,124.5526972539974,2.4880813270001454,0.0012155819995314232,1,1,[2],['./src/pending/CalendarUtilsTest.java'],['./src/pending/DateFormatterTest.java'],"[72, 41, 11, 28, 50, 92, 29]","['./src/test/java/org/apache/commons/lang3/StringUtilsIsTest.java', './src/test/java/org/apache/commons/lang3/text/StrSubstitutorTest.java', './src/test/java/org/apache/commons/lang3/mutable/MutableObjectTest.java', './src/test/java/org/apache/commons/lang3/concurrent/TimedSemaphoreTest.java', './src/test/java/org/apache/commons/lang3/time/FastDateFormatTest.java', './src/test/java/org/apache/commons/lang3/StringUtilsSubstringTest.java', './src/test/java/org/apache/commons/lang3/concurrent/BackgroundInitializerTest.java']",2,0.05520242099737516,7.300810270000511,0.14968301499993686,0.0011279270001978148,0,2,[],[],[],[],[],0,0.5144847299998219,126.12563808600135,0,0
db951873904b927b43f35478586f064ea6ea6deb,88,1,['src/test/org/apache/commons/lang/text/VariableFormatterTest.java'],87,92,1,0,[18],['./src/test/org/apache/commons/lang/text/VariableFormatterTest.java'],[],"[71, 74, 85, 57, 59, 61, 62]","['./src/test/org/apache/commons/lang/StringUtilsTrimEmptyTest.java', './src/test/org/apache/commons/lang/CharRangeTest.java', './src/test/org/apache/commons/lang/SystemUtilsTest.java', './src/test/org/apache/commons/lang/StringUtilsIsTest.java', './src/test/org/apache/commons/lang/BitFieldTest.java', './src/test/org/apache/commons/lang/CharSetUtilsTest.java', './src/test/org/apache/commons/lang/ArrayUtilsRemoveTest.java']",3,0.5031331719983427,6.43185398699552,0.1323234820001744,0.016658151000228827,1,0,[18],['./src/test/org/apache/commons/lang/text/VariableFormatterTest.java'],[],"[34, 5, 75, 48, 81, 83, 85]","['./src/test/org/apache/commons/lang/math/NumberRangeTest.java', './src/test/org/apache/commons/lang/mutable/MutableObjectTest.java', './src/test/org/apache/commons/lang/ArrayUtilsAddTest.java', './src/test/org/apache/commons/lang/builder/ReflectionToStringBuilderExcludeTest.java', './src/test/org/apache/commons/lang/NullArgumentExceptionTest.java', './src/test/org/apache/commons/lang/LocaleUtilsTest.java', './src/test/org/apache/commons/lang/SystemUtilsTest.java']",4,0.05686382099702314,103.63041331700242,2.070920291999755,0.0010476049992576009,1,0,[18],['./src/test/org/apache/commons/lang/text/VariableFormatterTest.java'],[],"[64, 72, 41, 73, 16, 29, 63]","['./src/test/org/apache/commons/lang/UnhandledExceptionTest.java', './src/test/org/apache/commons/lang/ValidateTest.java', './src/test/org/apache/commons/lang/builder/StandardToStringStyleTest.java', './src/test/org/apache/commons/lang/IllegalClassExceptionTest.java', './src/test/org/apache/commons/lang/text/StrMatcherTest.java', './src/test/org/apache/commons/lang/math/RangeTest.java', './src/test/org/apache/commons/lang/ArrayUtilsTest.java']",2,0.05060891199718753,6.45655749999969,0.13068937699972594,0.0009482390005359775,0,1,[],[],[],[],[],0,0.4151708380031778,103.9911902310032,0,0
2fa0b168d62a07365b2787d0ed97fa1c2cfb673b,137,1,['src/test/java/org/apache/commons/lang3/time/WeekYearTest.java'],136,92,1,0,[63],['./src/test/java/org/apache/commons/lang3/time/WeekYearTest.java'],[],"[37, 7, 11, 43, 45, 78, 79, 25, 60, 31]","['./src/test/java/org/apache/commons/lang3/text/translate/UnicodeUnescaperTest.java', './src/test/java/org/apache/commons/lang3/event/EventUtilsTest.java', './src/test/java/org/apache/commons/lang3/mutable/MutableObjectTest.java', './src/test/java/org/apache/commons/lang3/text/StrMatcherTest.java', './src/test/java/org/apache/commons/lang3/text/FormattableUtilsTest.java', './src/test/java/org/apache/commons/lang3/builder/ShortPrefixToStringStyleTest.java', './src/test/java/org/apache/commons/lang3/builder/DefaultToStringStyleTest.java', './src/test/java/org/apache/commons/lang3/concurrent/ConcurrentUtilsTest.java', './src/test/java/org/apache/commons/lang3/time/DateUtilsRoundingTest.java', './src/test/java/org/apache/commons/lang3/concurrent/ConstantInitializerTest.java']",9,1.3315432940000846,9.789807477000068,0.19130929699986154,0.005474151000044003,1,0,[63],['./src/test/java/org/apache/commons/lang3/time/WeekYearTest.java'],[],"[129, 41, 105, 77, 16, 116, 23, 25, 59, 124]","['./src/test/java/org/apache/commons/lang3/SerializationUtilsTest.java', './src/test/java/org/apache/commons/lang3/text/StrLookupTest.java', './src/test/java/org/apache/commons/lang3/ObjectUtilsTest.java', './src/test/java/org/apache/commons/lang3/builder/StandardToStringStyleTest.java', './src/test/java/org/apache/commons/lang3/mutable/MutableIntTest.java', './src/test/java/org/apache/commons/lang3/HashSetvBitSetTest.java', './src/test/java/org/apache/commons/lang3/concurrent/AtomicInitializerTest.java', './src/test/java/org/apache/commons/lang3/concurrent/ConcurrentUtilsTest.java', './src/test/java/org/apache/commons/lang3/time/DateFormatUtilsTest.java', './src/test/java/org/apache/commons/lang3/StringUtilsTrimEmptyTest.java']",15,0.10130598500018095,173.25422214099922,3.4668267750000723,0.001646160000063901,1,0,[63],['./src/test/java/org/apache/commons/lang3/time/WeekYearTest.java'],[],"[3, 68, 104, 106, 51, 20, 83, 22, 123, 31]","['./src/test/java/org/apache/commons/lang3/reflect/InheritanceUtilsTest.java', './src/test/java/org/apache/commons/lang3/math/FractionTest.java', './src/test/java/org/apache/commons/lang3/StringUtilsIsTest.java', './src/test/java/org/apache/commons/lang3/BitFieldTest.java', './src/test/java/org/apache/commons/lang3/time/FastDateParser_MoreOrLessTest.java', './src/test/java/org/apache/commons/lang3/exception/ContextedExceptionTest.java', './src/test/java/org/apache/commons/lang3/builder/SimpleToStringStyleTest.java', './src/test/java/org/apache/commons/lang3/concurrent/MultiBackgroundInitializerTest.java', './src/test/java/org/apache/commons/lang3/CharEncodingTest.java', './src/test/java/org/apache/commons/lang3/concurrent/ConstantInitializerTest.java']",4,0.07409486000051402,9.763436556000215,0.19658225400007723,0.0014798280001286912,0,1,[],[],[],[],[],0,1.772151171000587,174.44198937499914,0,0
2c499868dbf7cedc9a56c3d873fe9e287d7e0f29,108,3,"['src/test/java/org/apache/commons/lang3/compare/TestFixedOrderComparator.java', 'src/test/java/org/apache/commons/lang3/compare/TestComparatorChain.java', 'src/test/java/org/apache/commons/lang3/compare/TestReverseComparator.java']",105,92,1,2,[31],['./src/test/java/org/apache/commons/lang3/compare/TestComparatorChain.java'],"['./src/test/java/org/apache/commons/lang3/compare/TestFixedOrderComparator.java', './src/test/java/org/apache/commons/lang3/compare/TestReverseComparator.java']","[69, 108, 79, 81, 51, 89, 92, 29]","['./src/test/java/org/apache/commons/lang3/builder/HashCodeBuilderTest.java', './src/test/java/org/apache/commons/lang3/RandomStringUtilsTest.java', './src/test/java/org/apache/commons/lang3/BooleanUtilsTest.java', './src/test/java/org/apache/commons/lang3/ObjectUtilsTest.java', './src/test/java/org/apache/commons/lang3/text/WordUtilsTest.java', './src/test/java/org/apache/commons/lang3/CharSetTest.java', './src/test/java/org/apache/commons/lang3/AnnotationUtilsTest.java', './src/test/java/org/apache/commons/lang3/concurrent/ConstantInitializerTest.java']",2,0.7034893219988589,7.780286708999483,0.15095593700061727,0.011458932000095956,1,2,[33],['./src/test/java/org/apache/commons/lang3/compare/TestReverseComparator.java'],"['./src/test/java/org/apache/commons/lang3/compare/TestFixedOrderComparator.java', './src/test/java/org/apache/commons/lang3/compare/TestComparatorChain.java']","[100, 75, 45, 15, 51, 20, 24, 95]","['./src/test/java/org/apache/commons/lang3/StringUtilsSubstringTest.java', './src/test/java/org/apache/commons/lang3/builder/NoFieldNamesToStringStyleTest.java', './src/test/java/org/apache/commons/lang3/text/StrMatcherTest.java', './src/test/java/org/apache/commons/lang3/exception/ExceptionUtilsTest.java', './src/test/java/org/apache/commons/lang3/text/WordUtilsTest.java', './src/test/java/org/apache/commons/lang3/concurrent/MultiBackgroundInitializerTest.java', './src/test/java/org/apache/commons/lang3/concurrent/BasicThreadFactoryTest.java', './src/test/java/org/apache/commons/lang3/CharEncodingTest.java']",3,0.07892951000394532,133.6777973660046,2.672088993000216,0.0012722869996650843,1,2,[31],['./src/test/java/org/apache/commons/lang3/compare/TestComparatorChain.java'],"['./src/test/java/org/apache/commons/lang3/compare/TestFixedOrderComparator.java', './src/test/java/org/apache/commons/lang3/compare/TestReverseComparator.java']","[4, 69, 68, 8, 13, 14, 15, 85]","['./src/test/java/org/apache/commons/lang3/reflect/ConstructorUtilsTest.java', './src/test/java/org/apache/commons/lang3/builder/HashCodeBuilderTest.java', './src/test/java/org/apache/commons/lang3/builder/DefaultToStringStyleTest.java', './src/test/java/org/apache/commons/lang3/mutable/MutableShortTest.java', './src/test/java/org/apache/commons/lang3/mutable/MutableByteTest.java', './src/test/java/org/apache/commons/lang3/mutable/MutableIntTest.java', './src/test/java/org/apache/commons/lang3/exception/ExceptionUtilsTest.java', './src/test/java/org/apache/commons/lang3/ClassUtilsTest.java']",5,0.058237337005266454,7.718742656999893,0.15709997600060888,0.0011408600003051106,0,3,[],[],[],[],[],0,1.2920974719982041,133.18898821699804,0,0
7952a5525444ab03243a9f80375050caf2419770,77,1,['src/test/org/apache/commons/lang/text/InterpolationTest.java'],76,92,1,0,[13],['./src/test/org/apache/commons/lang/text/InterpolationTest.java'],[],"[67, 3, 4, 8, 42, 59]","['./src/test/org/apache/commons/lang/WordUtilsTest.java', './src/test/org/apache/commons/lang/mutable/MutableObjectTest.java', './src/test/org/apache/commons/lang/mutable/MutableFloatTest.java', './src/test/org/apache/commons/lang/enum/ValuedEnumTest.java', './src/test/org/apache/commons/lang/builder/ToStringStyleTest.java', './src/test/org/apache/commons/lang/EntitiesPerformanceTest.java']",4,0.3906791670015082,5.621304586002225,0.11503747099959583,0.010723149000114063,1,0,[13],['./src/test/org/apache/commons/lang/text/InterpolationTest.java'],[],"[33, 67, 8, 19, 23, 25]","['./src/test/org/apache/commons/lang/builder/StandardToStringStyleTest.java', './src/test/org/apache/commons/lang/WordUtilsTest.java', './src/test/org/apache/commons/lang/enum/ValuedEnumTest.java', './src/test/org/apache/commons/lang/time/DateFormatUtilsTest.java', './src/test/org/apache/commons/lang/math/FloatRangeTest.java', './src/test/org/apache/commons/lang/math/FractionTest.java']",6,0.047055017997990944,86.57806385799813,1.7427848450006422,0.0009855799999058945,1,0,[13],['./src/test/org/apache/commons/lang/text/InterpolationTest.java'],[],"[35, 41, 10, 17, 19, 22]","['./src/test/org/apache/commons/lang/builder/DefaultToStringStyleTest.java', './src/test/org/apache/commons/lang/builder/NoFieldNamesToStringStyleTest.java', './src/test/org/apache/commons/lang/enum/EnumUtilsTest.java', './src/test/org/apache/commons/lang/time/DateUtilsTest.java', './src/test/org/apache/commons/lang/time/DateFormatUtilsTest.java', './src/test/org/apache/commons/lang/math/IntRangeTest.java']",10,0.04413068600297265,5.598972877007327,0.11081920800097578,0.0008642809989396483,0,1,[],[],[],[],[],0,0.4053169760045421,86.33691561300657,0,0
056742acf7fa9de76993c24d0eb0fa84b99dbbdd,96,1,['src/test/java/org/apache/commons/lang3/event/AbstractEventSupportTest.java'],95,92,1,0,[8],['./src/test/java/org/apache/commons/lang3/event/AbstractEventSupportTest.java'],[],"[3, 13, 46, 78, 93, 26, 61]","['./src/test/java/org/apache/commons/lang3/reflect/FieldUtilsTest.java', './src/test/java/org/apache/commons/lang3/mutable/MutableFloatTest.java', './src/test/java/org/apache/commons/lang3/time/StopWatchTest.java', './src/test/java/org/apache/commons/lang3/ArrayUtilsRemoveTest.java', './src/test/java/org/apache/commons/lang3/EnumUtilsTest.java', './src/test/java/org/apache/commons/lang3/concurrent/BasicThreadFactoryTest.java', './src/test/java/org/apache/commons/lang3/builder/SimpleToStringStyleTest.java']",15,0.666865367005812,7.236184792993299,0.14694658200096455,0.013778284999716561,1,0,[8],['./src/test/java/org/apache/commons/lang3/event/AbstractEventSupportTest.java'],[],"[65, 14, 79, 17, 24, 27, 60]","['./src/test/java/org/apache/commons/lang3/builder/NoFieldNamesToStringStyleTest.java', './src/test/java/org/apache/commons/lang3/mutable/MutableDoubleTest.java', './src/test/java/org/apache/commons/lang3/ArrayUtilsTest.java', './src/test/java/org/apache/commons/lang3/mutable/MutableIntTest.java', './src/test/java/org/apache/commons/lang3/concurrent/CallableBackgroundInitializerTest.java', './src/test/java/org/apache/commons/lang3/concurrent/LazyInitializerTest.java', './src/test/java/org/apache/commons/lang3/builder/ToStringBuilderTest.java']",1,0.05794634700214374,120.6684141010046,2.3941329380013485,0.0011456989996077027,1,0,[8],['./src/test/java/org/apache/commons/lang3/event/AbstractEventSupportTest.java'],[],"[39, 50, 20, 21, 52, 54, 63]","['./src/test/java/org/apache/commons/lang3/text/StrMatcherTest.java', './src/test/java/org/apache/commons/lang3/time/DateFormatUtilsTest.java', './src/test/java/org/apache/commons/lang3/exception/ContextedExceptionTest.java', './src/test/java/org/apache/commons/lang3/exception/ContextedRuntimeExceptionTest.java', './src/test/java/org/apache/commons/lang3/time/DateUtilsFragmentTest.java', './src/test/java/org/apache/commons/lang3/math/FractionTest.java', './src/test/java/org/apache/commons/lang3/builder/ReflectionToStringBuilderExcludeTest.java']",7,0.05215279400363215,7.09233959100311,0.14848711299964634,0.0011722300005203579,0,1,[],[],[],[],[],0,0.4725808930088533,120.00747393600068,0,0
c090db27a496c00c1c28bf22e54cc57b7f593298,87,2,"['src/test/org/apache/commons/lang/text/translate/EscapeUtilsTest.java', 'src/test/org/apache/commons/lang/text/translate/UnescapeUtilsTest.java']",85,92,1,1,[27],['./src/test/org/apache/commons/lang/text/translate/UnescapeUtilsTest.java'],['./src/test/org/apache/commons/lang/text/translate/EscapeUtilsTest.java'],"[4, 17, 49, 55, 24, 26]","['./src/test/org/apache/commons/lang/reflect/MethodUtilsTest.java', './src/test/org/apache/commons/lang/exception/ContextedExceptionTest.java', './src/test/org/apache/commons/lang/builder/ShortPrefixToStringStyleTest.java', './src/test/org/apache/commons/lang/builder/ReflectionToStringBuilderExcludeTest.java', './src/test/org/apache/commons/lang/text/translate/UnicodeEscaperTest.java', './src/test/org/apache/commons/lang/text/translate/UnicodeUnescaperTest.java']",3,0.5071795330059103,6.7696583829929295,0.13594493700111343,0.00555202699979418,1,1,[27],['./src/test/org/apache/commons/lang/text/translate/UnescapeUtilsTest.java'],['./src/test/org/apache/commons/lang/text/translate/EscapeUtilsTest.java'],"[40, 72, 45, 80, 86, 25]","['./src/test/org/apache/commons/lang/time/DateUtilsTest.java', './src/test/org/apache/commons/lang/StringUtilsEqualsIndexOfTest.java', './src/test/org/apache/commons/lang/math/IEEE754rUtilsTest.java', './src/test/org/apache/commons/lang/StringUtilsSubstringTest.java', './src/test/org/apache/commons/lang/SystemUtilsTest.java', './src/test/org/apache/commons/lang/text/translate/NumericEntityEscaperTest.java']",5,0.053303755001252284,113.38486495300094,2.2710784070004593,0.0010993630003213184,2,0,"[29, 27]","['./src/test/org/apache/commons/lang/text/translate/EscapeUtilsTest.java', './src/test/org/apache/commons/lang/text/translate/UnescapeUtilsTest.java']",[],"[35, 81, 82, 59, 31]","['./src/test/org/apache/commons/lang/text/CompositeFormatTest.java', './src/test/org/apache/commons/lang/WordUtilsTest.java', './src/test/org/apache/commons/lang/SerializationUtilsTest.java', './src/test/org/apache/commons/lang/builder/HashCodeBuilderAndEqualsBuilderTest.java', './src/test/org/apache/commons/lang/text/StrBuilderAppendInsertTest.java']",28,0.050553846998809604,6.70359969400306,0.13299428500067734,0.0009435009997105226,0,2,[],[],[],[],[],0,0.34676747099547356,112.70061556699693,0,0
b75b09afe0be9fd009b1290b5ce75dcf1144b226,57,1,['src/test/org/apache/commons/lang/WordWrapUtilsTest.java'],56,92,1,0,[53],['./src/test/org/apache/commons/lang/WordWrapUtilsTest.java'],[],"[16, 19, 21, 15]","['./src/test/org/apache/commons/lang/math/FloatRangeTest.java', './src/test/org/apache/commons/lang/math/NumberRangeTest.java', './src/test/org/apache/commons/lang/math/RandomUtilsTest.java', './src/test/org/apache/commons/lang/math/IntRangeTest.java']",12,0.24624493400233405,5.176519740000003,0.10629568799959088,0.00818174200003341,1,0,[53],['./src/test/org/apache/commons/lang/WordWrapUtilsTest.java'],[],"[43, 3, 52, 28]","['./src/test/org/apache/commons/lang/StringUtilsTest.java', './src/test/org/apache/commons/lang/util/ValidateTest.java', './src/test/org/apache/commons/lang/NullArgumentExceptionTest.java', './src/test/org/apache/commons/lang/builder/MultiLineToStringStyleTest.java']",8,0.03918829399981405,96.9317315160024,1.9396411080001599,0.0007910839999567543,1,0,[53],['./src/test/org/apache/commons/lang/WordWrapUtilsTest.java'],[],"[27, 11, 29, 55]","['./src/test/org/apache/commons/lang/builder/EqualsBuilderTest.java', './src/test/org/apache/commons/lang/time/FastDateFormatTest.java', './src/test/org/apache/commons/lang/builder/NoFieldNamesToStringStyleTest.java', './src/test/org/apache/commons/lang/IncompleteArgumentExceptionTest.java']",18,0.03963067199856596,5.184793415000513,0.10660738699971262,0.0008207709997805068,1,0,[53],['./src/test/org/apache/commons/lang/WordWrapUtilsTest.java'],[],"[56, 57, 50, 54]","['./src/test/org/apache/commons/lang/NumberUtilsTest.java', './src/test/org/apache/commons/lang/RandomStringUtilsTest.java', './src/test/org/apache/commons/lang/NumberRangeTest.java', './src/test/org/apache/commons/lang/SystemUtilsTest.java']",14,0.2317479660000572,97.09696269199776,1.931996559000254,0.003929024000171921
de125de49a652391f0c38e97001c7863da878f1f,143,2,"['src/test/java/org/apache/commons/lang3/DigitalBase2SizeUnitTest.java', 'src/test/java/org/apache/commons/lang3/DigitalBase10SizeUnitTest.java']",141,92,2,0,"[110, 109]","['./src/test/java/org/apache/commons/lang3/DigitalBase2SizeUnitTest.java', './src/test/java/org/apache/commons/lang3/DigitalBase10SizeUnitTest.java']",[],"[103, 135, 79, 16, 81, 80, 85, 87, 92, 93]","['./src/test/java/org/apache/commons/lang3/builder/MultilineRecursiveToStringStyleTest.java', './src/test/java/org/apache/commons/lang3/CharUtilsTest.java', './src/test/java/org/apache/commons/lang3/builder/StandardToStringStyleTest.java', './src/test/java/org/apache/commons/lang3/mutable/MutableIntTest.java', './src/test/java/org/apache/commons/lang3/builder/DefaultToStringStyleTest.java', './src/test/java/org/apache/commons/lang3/builder/ShortPrefixToStringStyleTest.java', './src/test/java/org/apache/commons/lang3/builder/SimpleToStringStyleTest.java', './src/test/java/org/apache/commons/lang3/builder/NoClassNameToStringStyleTest.java', './src/test/java/org/apache/commons/lang3/builder/RecursiveToStringStyleTest.java', './src/test/java/org/apache/commons/lang3/builder/NoFieldNamesToStringStyleTest.java']",29,1.2851937439999688,9.908233742999954,0.20094579599998497,0.022777099999984785,1,1,[109],['./src/test/java/org/apache/commons/lang3/DigitalBase10SizeUnitTest.java'],['./src/test/java/org/apache/commons/lang3/DigitalBase2SizeUnitTest.java'],"[1, 129, 130, 8, 106, 139, 113, 21, 54, 87, 29]","['./src/test/java/org/apache/commons/lang3/reflect/FieldUtilsTest.java', './src/test/java/org/apache/commons/lang3/CharEncodingTest.java', './src/test/java/org/apache/commons/lang3/ValidateTest.java', './src/test/java/org/apache/commons/lang3/event/EventListenerSupportTest.java', './src/test/java/org/apache/commons/lang3/StringUtilsEmptyBlankTest.java', './src/test/java/org/apache/commons/lang3/JavaVersionTest.java', './src/test/java/org/apache/commons/lang3/CharSequenceUtilsTest.java', './src/test/java/org/apache/commons/lang3/exception/ContextedRuntimeExceptionTest.java', './src/test/java/org/apache/commons/lang3/time/StopWatchTest.java', './src/test/java/org/apache/commons/lang3/builder/NoClassNameToStringStyleTest.java', './src/test/java/org/apache/commons/lang3/concurrent/LazyInitializerTest.java']",4,0.120909761999485,180.80840649499993,3.6294282700000053,0.0016105010000160291,1,1,[109],['./src/test/java/org/apache/commons/lang3/DigitalBase10SizeUnitTest.java'],['./src/test/java/org/apache/commons/lang3/DigitalBase2SizeUnitTest.java'],"[4, 72, 74, 75, 79, 111, 83, 52, 87, 25, 126]","['./src/test/java/org/apache/commons/lang3/reflect/TypeUtilsTest.java', './src/test/java/org/apache/commons/lang3/tuple/MutablePairTest.java', './src/test/java/org/apache/commons/lang3/tuple/TripleTest.java', './src/test/java/org/apache/commons/lang3/tuple/ImmutablePairTest.java', './src/test/java/org/apache/commons/lang3/builder/StandardToStringStyleTest.java', './src/test/java/org/apache/commons/lang3/BitFieldTest.java', './src/test/java/org/apache/commons/lang3/builder/HashCodeBuilderTest.java', './src/test/java/org/apache/commons/lang3/text/StrBuilderTest.java', './src/test/java/org/apache/commons/lang3/builder/NoClassNameToStringStyleTest.java', './src/test/java/org/apache/commons/lang3/concurrent/EventCountCircuitBreakerTest.java', './src/test/java/org/apache/commons/lang3/StringEscapeUtilsTest.java']",5,0.07038279600004671,9.836915858999987,0.1903301319999855,0.0012941379999915625,0,2,[],[],[],[],[],0,1.9174521689995743,181.21251343500006,0,0
687dc10a611d3ded6239baa2b8ebdff7ebfb9871,88,1,['src/test/org/apache/commons/lang/NullArgumentExceptionTest.java'],87,92,1,0,[81],['./src/test/org/apache/commons/lang/NullArgumentExceptionTest.java'],[],"[4, 39, 74, 45, 79, 82, 51]","['./src/test/org/apache/commons/lang/reflect/MethodUtilsTest.java', './src/test/org/apache/commons/lang/math/LongRangeTest.java', './src/test/org/apache/commons/lang/StringUtilsTrimEmptyTest.java', './src/test/org/apache/commons/lang/math/NumberRangeTest.java', './src/test/org/apache/commons/lang/WordUtilsTest.java', './src/test/org/apache/commons/lang/CharUtilsTest.java', './src/test/org/apache/commons/lang/builder/ToStringBuilderTest.java']",15,0.5297253479993742,6.668985839995003,0.13107181600025797,0.008757364000302914,1,0,[81],['./src/test/org/apache/commons/lang/NullArgumentExceptionTest.java'],[],"[34, 4, 79, 16, 83, 55, 27]","['./src/test/org/apache/commons/lang/time/DateFormatUtilsTest.java', './src/test/org/apache/commons/lang/reflect/MethodUtilsTest.java', './src/test/org/apache/commons/lang/WordUtilsTest.java', './src/test/org/apache/commons/lang/text/translate/UnicodeEscaperTest.java', './src/test/org/apache/commons/lang/EnumUtilsTest.java', './src/test/org/apache/commons/lang/builder/MultiLineToStringStyleTest.java', './src/test/org/apache/commons/lang/text/CompositeFormatTest.java']",13,0.0551620760033984,111.26206529800129,2.231782755000495,0.0010392599997430807,1,0,[81],['./src/test/org/apache/commons/lang/NullArgumentExceptionTest.java'],[],"[32, 67, 16, 51, 26, 61, 30]","['./src/test/org/apache/commons/lang/time/DateUtilsTest.java', './src/test/org/apache/commons/lang/ArrayUtilsTest.java', './src/test/org/apache/commons/lang/text/translate/UnicodeEscaperTest.java', './src/test/org/apache/commons/lang/builder/ToStringBuilderTest.java', './src/test/org/apache/commons/lang/text/ExtendedMessageFormatTest.java', './src/test/org/apache/commons/lang/StringUtilsIsTest.java', './src/test/org/apache/commons/lang/time/StopWatchTest.java']",50,0.049502142000164895,6.653831211000579,0.13545351500033576,0.0010187810003117193,0,1,[],[],[],[],[],0,0.38567992500065884,111.22226261100332,0,0
784a817fef0bcd09432c32e54bf80d972d3d15bc,93,4,"['src/test/org/apache/commons/lang/enums/EnumEqualsTest.java', 'src/test/org/apache/commons/lang/enums/ValuedEnumTest.java', 'src/test/org/apache/commons/lang/enums/EnumUtilsTest.java', 'src/test/org/apache/commons/lang/enums/EnumTest.java']",89,92,2,2,"[40, 41]","['./src/test/org/apache/commons/lang/enums/ValuedEnumTest.java', './src/test/org/apache/commons/lang/enums/EnumTest.java']","['./src/test/org/apache/commons/lang/enums/EnumEqualsTest.java', './src/test/org/apache/commons/lang/enums/EnumUtilsTest.java']","[65, 1, 69, 39, 84, 63]","['./src/test/org/apache/commons/lang/ArrayUtilsRemoveTest.java', './src/pending/DateFormatterTest.java', './src/test/org/apache/commons/lang/StringUtilsStartsEndsWithTest.java', './src/test/org/apache/commons/lang/math/RandomUtilsTest.java', './src/test/org/apache/commons/lang/SerializationUtilsTest.java', './src/test/org/apache/commons/lang/ClassUtilsTest.java']",17,0.6167442349997145,7.110622536000051,0.13998924600002738,0.01737163600000713,2,2,"[40, 41]","['./src/test/org/apache/commons/lang/enums/ValuedEnumTest.java', './src/test/org/apache/commons/lang/enums/EnumTest.java']","['./src/test/org/apache/commons/lang/enums/EnumEqualsTest.java', './src/test/org/apache/commons/lang/enums/EnumUtilsTest.java']","[64, 2, 68, 44, 80, 50]","['./src/test/org/apache/commons/lang/CharSetUtilsTest.java', './src/pending/CalendarUtilsTest.java', './src/test/org/apache/commons/lang/CharSetTest.java', './src/test/org/apache/commons/lang/builder/StandardToStringStyleTest.java', './src/test/org/apache/commons/lang/StringUtilsSubstringTest.java', './src/test/org/apache/commons/lang/builder/EqualsBuilderTest.java']",49,0.05871152899987919,121.45689140100023,2.433470337000017,0.0010763210000277468,3,1,"[40, 43, 41]","['./src/test/org/apache/commons/lang/enums/ValuedEnumTest.java', './src/test/org/apache/commons/lang/enums/EnumUtilsTest.java', './src/test/org/apache/commons/lang/enums/EnumTest.java']",['./src/test/org/apache/commons/lang/enums/EnumEqualsTest.java'],"[76, 77, 45, 28, 31]","['./src/test/org/apache/commons/lang/ValidateTest.java', './src/test/org/apache/commons/lang/IllegalClassExceptionTest.java', './src/test/org/apache/commons/lang/builder/ShortPrefixToStringStyleTest.java', './src/test/org/apache/commons/lang/time/DateUtilsFragmentTest.java', './src/test/org/apache/commons/lang/math/LongRangeTest.java']",21,0.053860241000052156,7.131327855999643,0.14674673499996516,0.0011624109999957,0,4,[],[],[],[],[],0,0.4496583659998805,122.9615737509996,0,0
a2773b230e17d71022791d0ad50fafe0f6a856d1,91,1,['src/test/org/apache/commons/lang/UnhandledExceptionTest.java'],90,92,1,0,[69],['./src/test/org/apache/commons/lang/UnhandledExceptionTest.java'],[],"[36, 70, 11, 16, 85, 28, 62]","['./src/test/org/apache/commons/lang/time/DateUtilsFragmentTest.java', './src/test/org/apache/commons/lang/CharSetTest.java', './src/test/org/apache/commons/lang/mutable/MutableBooleanTest.java', './src/test/org/apache/commons/lang/text/translate/UnicodeEscaperTest.java', './src/test/org/apache/commons/lang/CharUtilsTest.java', './src/test/org/apache/commons/lang/text/StrTokenizerTest.java', './src/test/org/apache/commons/lang/StringUtilsIsTest.java']",5,0.5511689510003634,6.655179247998603,0.13426498800072295,0.013627864000227419,1,0,[69],['./src/test/org/apache/commons/lang/UnhandledExceptionTest.java'],[],"[74, 78, 54, 24, 90, 27, 63]","['./src/test/org/apache/commons/lang/StringUtilsTest.java', './src/test/org/apache/commons/lang/IllegalClassExceptionTest.java', './src/test/org/apache/commons/lang/builder/ReflectionToStringBuilderExcludeTest.java', './src/test/org/apache/commons/lang/text/StrMatcherTest.java', './src/test/org/apache/commons/lang/IncompleteArgumentExceptionTest.java', './src/test/org/apache/commons/lang/text/CompositeFormatTest.java', './src/test/org/apache/commons/lang/ObjectUtilsTest.java']",16,0.05384112799401919,112.77541279000252,2.276077735999934,0.001065308999386616,1,0,[69],['./src/test/org/apache/commons/lang/UnhandledExceptionTest.java'],[],"[32, 5, 73, 48, 25, 27, 61]","['./src/test/org/apache/commons/lang/time/DateUtilsTest.java', './src/test/org/apache/commons/lang/reflect/ConstructorUtilsTest.java', './src/test/org/apache/commons/lang/StringEscapeUtilsTest.java', './src/test/org/apache/commons/lang/builder/ShortPrefixToStringStyleTest.java', './src/test/org/apache/commons/lang/text/StrSubstitutorTest.java', './src/test/org/apache/commons/lang/text/CompositeFormatTest.java', './src/test/org/apache/commons/lang/BooleanUtilsTest.java']",23,0.05022709399963787,6.6820399449898105,0.13208309800029383,0.0009179219996440224,0,1,[],[],[],[],[],0,0.40736948000449047,113.73074685199936,0,0
68c6547d0cc71c538a52b81f0ef3af69b9d80085,95,1,['src/test/org/apache/commons/lang/text/MultiFormatTest.java'],94,92,1,0,[19],['./src/test/org/apache/commons/lang/text/MultiFormatTest.java'],[],"[67, 14, 47, 49, 21, 61, 63]","['./src/test/org/apache/commons/lang/CharSetUtilsTest.java', './src/test/org/apache/commons/lang/text/StrLookupTest.java', './src/test/org/apache/commons/lang/builder/StandardToStringStyleTest.java', './src/test/org/apache/commons/lang/builder/DefaultToStringStyleTest.java', './src/test/org/apache/commons/lang/text/MessageFormatExtensionTest.java', './src/test/org/apache/commons/lang/NotImplementedExceptionTest.java', './src/test/org/apache/commons/lang/StringUtilsIsTest.java']",18,0.5606669139997393,6.790048858005321,0.13487953700132493,0.004116603999136714,1,0,[19],['./src/test/org/apache/commons/lang/text/MultiFormatTest.java'],[],"[32, 64, 67, 5, 90, 80, 58]","['./src/test/org/apache/commons/lang/math/IEEE754rUtilsTest.java', './src/test/org/apache/commons/lang/ObjectUtilsTest.java', './src/test/org/apache/commons/lang/CharSetUtilsTest.java', './src/test/org/apache/commons/lang/mutable/MutableObjectTest.java', './src/test/org/apache/commons/lang/LocaleUtilsTest.java', './src/test/org/apache/commons/lang/IllegalClassExceptionTest.java', './src/test/org/apache/commons/lang/builder/HashCodeBuilderAndEqualsBuilderTest.java']",10,0.05927316300403618,118.74975979299779,2.4027427709988842,0.0011011570004484383,1,0,[19],['./src/test/org/apache/commons/lang/text/MultiFormatTest.java'],[],"[89, 7, 40, 43, 11, 81, 57]","['./src/test/org/apache/commons/lang/CharUtilsTest.java', './src/test/org/apache/commons/lang/mutable/MutableDoubleTest.java', './src/test/org/apache/commons/lang/math/NumberRangeTest.java', './src/test/org/apache/commons/lang/enums/ValuedEnumTest.java', './src/test/org/apache/commons/lang/enum/ValuedEnumTest.java', './src/test/org/apache/commons/lang/CharRangeTest.java', './src/test/org/apache/commons/lang/builder/ToStringStyleTest.java']",6,0.05266527199637494,6.812403243002336,0.13625060199956351,0.001083002000086708,0,1,[],[],[],[],[],0,0.5893697230039834,118.95879751900065,0,0
da46e86e2f392277df00e10dfa543d09a1c85f84,88,1,['src/test/org/apache/commons/lang/math/RandomUtilsTest.java'],87,92,1,0,[40],['./src/test/org/apache/commons/lang/math/RandomUtilsTest.java'],[],"[34, 69, 13, 82, 21, 85, 88]","['./src/test/org/apache/commons/lang/math/IntRangeTest.java', './src/test/org/apache/commons/lang/StringUtilsTest.java', './src/test/org/apache/commons/lang/mutable/MutableIntTest.java', './src/test/org/apache/commons/lang/CharUtilsTest.java', './src/test/org/apache/commons/lang/text/StrTokenizerTest.java', './src/test/org/apache/commons/lang/CharUtilsPerfTest.java', './src/test/org/apache/commons/lang/RandomStringUtilsTest.java']",2,0.5030734409974684,6.629018684010589,0.13223325000035402,0.012861123999755364,1,0,[40],['./src/test/org/apache/commons/lang/math/RandomUtilsTest.java'],[],"[68, 7, 43, 84, 56, 59, 61]","['./src/test/org/apache/commons/lang/StringEscapeUtilsTest.java', './src/test/org/apache/commons/lang/mutable/MutableShortTest.java', './src/test/org/apache/commons/lang/builder/DefaultToStringStyleTest.java', './src/test/org/apache/commons/lang/LocaleUtilsTest.java', './src/test/org/apache/commons/lang/BooleanUtilsTest.java', './src/test/org/apache/commons/lang/BitFieldTest.java', './src/test/org/apache/commons/lang/CharSetUtilsTest.java']",37,0.04907221398389083,113.75522875600291,2.262159189000158,0.0009152579987130594,1,0,[40],['./src/test/org/apache/commons/lang/math/RandomUtilsTest.java'],[],"[38, 12, 45, 48, 21, 23, 27]","['./src/test/org/apache/commons/lang/math/NumberRangeTest.java', './src/test/org/apache/commons/lang/mutable/MutableByteTest.java', './src/test/org/apache/commons/lang/builder/ToStringBuilderTest.java', './src/test/org/apache/commons/lang/builder/ReflectionToStringBuilderExcludeTest.java', './src/test/org/apache/commons/lang/text/StrTokenizerTest.java', './src/test/org/apache/commons/lang/time/StopWatchTest.java', './src/test/org/apache/commons/lang/time/DateFormatUtilsTest.java']",28,0.049760148000132176,6.63492321499325,0.13463736599987897,0.0012034789997414919,0,1,[],[],[],[],[],0,0.38692138300757506,113.47762110201438,0,0
5a87fa172eb1368fe413af34511d1eb3f2674a9f,154,5,"['src/test/java/org/apache/commons/lang3/concurrent/annotation/ImmutableTest.java', 'src/test/java/org/apache/commons/lang3/concurrent/annotation/NotThreadSafeTest.java', 'src/test/java/org/apache/commons/lang3/concurrent/annotation/ContractTest.java', 'src/test/java/org/apache/commons/lang3/concurrent/annotation/ThreadSafeTest.java', 'src/test/java/org/apache/commons/lang3/concurrent/annotation/GuardedByTest.java']",149,92,4,1,"[25, 27, 26, 28]","['./src/test/java/org/apache/commons/lang3/concurrent/annotation/NotThreadSafeTest.java', './src/test/java/org/apache/commons/lang3/concurrent/annotation/ContractTest.java', './src/test/java/org/apache/commons/lang3/concurrent/annotation/ThreadSafeTest.java', './src/test/java/org/apache/commons/lang3/concurrent/annotation/GuardedByTest.java']",['./src/test/java/org/apache/commons/lang3/concurrent/annotation/ImmutableTest.java'],"[129, 100, 6, 41, 50, 87, 119, 58, 31]","['./src/test/java/org/apache/commons/lang3/StringUtilsContainsTest.java', './src/test/java/org/apache/commons/lang3/builder/ReflectionToStringBuilderExcludeTest.java', './src/test/java/org/apache/commons/lang3/reflect/TypeLiteralTest.java', './src/test/java/org/apache/commons/lang3/concurrent/AtomicSafeInitializerTest.java', './src/test/java/org/apache/commons/lang3/text/translate/UnicodeUnpairedSurrogateRemoverTest.java', './src/test/java/org/apache/commons/lang3/test/SystemDefaultsSwitchTest.java', './src/test/java/org/apache/commons/lang3/ArchUtilsTest.java', './src/test/java/org/apache/commons/lang3/text/CompositeFormatTest.java', './src/test/java/org/apache/commons/lang3/concurrent/AtomicInitializerTest.java']",24,1.5071341579969157,10.420341782001742,0.20776626599990777,0.013800267000078748,2,3,"[25, 27]","['./src/test/java/org/apache/commons/lang3/concurrent/annotation/NotThreadSafeTest.java', './src/test/java/org/apache/commons/lang3/concurrent/annotation/ContractTest.java']","['./src/test/java/org/apache/commons/lang3/concurrent/annotation/ImmutableTest.java', './src/test/java/org/apache/commons/lang3/concurrent/annotation/ThreadSafeTest.java', './src/test/java/org/apache/commons/lang3/concurrent/annotation/GuardedByTest.java']","[32, 2, 131, 69, 37, 78, 84, 21, 55, 88, 94]","['./src/test/java/org/apache/commons/lang3/concurrent/EventCountCircuitBreakerTest.java', './src/test/java/org/apache/commons/lang3/reflect/MethodUtilsTest.java', './src/test/java/org/apache/commons/lang3/StringUtilsStartsEndsWithTest.java', './src/test/java/org/apache/commons/lang3/time/FastDateFormatTest.java', './src/test/java/org/apache/commons/lang3/concurrent/AbstractConcurrentInitializerTest.java', './src/test/java/org/apache/commons/lang3/math/IEEE754rUtilsTest.java', './src/test/java/org/apache/commons/lang3/tuple/ImmutablePairTest.java', './src/test/java/org/apache/commons/lang3/exception/AbstractExceptionTest.java', './src/test/java/org/apache/commons/lang3/text/StrSubstitutorTest.java', './src/test/java/org/apache/commons/lang3/builder/StandardToStringStyleTest.java', './src/test/java/org/apache/commons/lang3/builder/ToStringBuilderTest.java']",11,0.9657506909989024,189.40067921699983,3.746540561999609,0.001798536000023887,2,3,"[24, 26]","['./src/test/java/org/apache/commons/lang3/concurrent/annotation/ImmutableTest.java', './src/test/java/org/apache/commons/lang3/concurrent/annotation/ThreadSafeTest.java']","['./src/test/java/org/apache/commons/lang3/concurrent/annotation/NotThreadSafeTest.java', './src/test/java/org/apache/commons/lang3/concurrent/annotation/ContractTest.java', './src/test/java/org/apache/commons/lang3/concurrent/annotation/GuardedByTest.java']","[129, 3, 8, 11, 14, 46, 142, 83, 52, 94, 95]","['./src/test/java/org/apache/commons/lang3/StringUtilsContainsTest.java', './src/test/java/org/apache/commons/lang3/reflect/InheritanceUtilsTest.java', './src/test/java/org/apache/commons/lang3/event/EventListenerSupportTest.java', './src/test/java/org/apache/commons/lang3/mutable/MutableObjectTest.java', './src/test/java/org/apache/commons/lang3/mutable/MutableBooleanTest.java', './src/test/java/org/apache/commons/lang3/text/translate/UnicodeEscaperTest.java', './src/test/java/org/apache/commons/lang3/CharRangeTest.java', './src/test/java/org/apache/commons/lang3/tuple/TripleTest.java', './src/test/java/org/apache/commons/lang3/text/StrLookupTest.java', './src/test/java/org/apache/commons/lang3/builder/ToStringBuilderTest.java', './src/test/java/org/apache/commons/lang3/builder/SimpleToStringStyleTest.java']",11,0.07931848399994124,10.21407522799882,0.2083972300001733,0.0015106639998521132,0,5,[],[],[],[],[],0,2.071681516998069,190.805679744999,0,0
324363816774a1f9bca998950081130be6756611,163,1,['src/test/java/org/apache/commons/lang3/concurrent/locks/LocksTest.java'],162,92,1,0,[25],['./src/test/java/org/apache/commons/lang3/concurrent/locks/LocksTest.java'],[],"[64, 1, 130, 160, 68, 161, 14, 79, 143, 156, 58, 124, 62]","['./src/test/java/org/apache/commons/lang3/time/CalendarUtilsTest.java', './src/test/java/org/apache/commons/lang3/reflect/FieldUtilsTest.java', './src/test/java/org/apache/commons/lang3/ClassUtilsTest.java', './src/test/java/org/apache/commons/lang3/SystemUtilsTest.java', './src/test/java/org/apache/commons/lang3/time/FastTimeZoneTest.java', './src/test/java/org/apache/commons/lang3/ArrayUtilsRemoveMultipleTest.java', './src/test/java/org/apache/commons/lang3/mutable/MutableBooleanTest.java', './src/test/java/org/apache/commons/lang3/time/FastDatePrinterTimeZonesTest.java', './src/test/java/org/apache/commons/lang3/ClassPathUtilsTest.java', './src/test/java/org/apache/commons/lang3/EnumUtilsTest.java', './src/test/java/org/apache/commons/lang3/text/CompositeFormatTest.java', './src/test/java/org/apache/commons/lang3/ArchUtilsTest.java', './src/test/java/org/apache/commons/lang3/time/FastDateParser_MoreOrLessTest.java']",9,1.7231776149992584,11.113091825999618,0.22182419799992203,0.027101204999780748,1,0,[25],['./src/test/java/org/apache/commons/lang3/concurrent/locks/LocksTest.java'],[],"[97, 130, 162, 74, 75, 140, 112, 115, 150, 90, 123, 61, 126]","['./src/test/java/org/apache/commons/lang3/builder/ToStringBuilderTest.java', './src/test/java/org/apache/commons/lang3/ClassUtilsTest.java', './src/test/java/org/apache/commons/lang3/RandomStringUtilsTest.java', './src/test/java/org/apache/commons/lang3/time/DateUtilsRoundingTest.java', './src/test/java/org/apache/commons/lang3/time/FastDateParserTest.java', './src/test/java/org/apache/commons/lang3/AnnotationUtilsTest.java', './src/test/java/org/apache/commons/lang3/builder/DiffBuilderTest.java', './src/test/java/org/apache/commons/lang3/builder/DiffResultTest.java', './src/test/java/org/apache/commons/lang3/StreamsTest.java', './src/test/java/org/apache/commons/lang3/stream/StreamsTest.java', './src/test/java/org/apache/commons/lang3/ArrayUtilsInsertTest.java', './src/test/java/org/apache/commons/lang3/text/StrBuilderTest.java', './src/test/java/org/apache/commons/lang3/ObjectUtilsTest.java']",1,1.1405847829992126,200.87588006899932,4.06049110999993,0.024807280999993964,1,0,[25],['./src/test/java/org/apache/commons/lang3/concurrent/locks/LocksTest.java'],[],"[99, 71, 40, 9, 11, 107, 81, 87, 122, 27, 156, 125, 158]","['./src/test/java/org/apache/commons/lang3/builder/ReflectionToStringBuilderExcludeWithAnnotationTest.java', './src/test/java/org/apache/commons/lang3/time/DateUtilsTest.java', './src/test/java/org/apache/commons/lang3/concurrent/CircuitBreakingExceptionTest.java', './src/test/java/org/apache/commons/lang3/mutable/MutableLongTest.java', './src/test/java/org/apache/commons/lang3/mutable/MutableObjectTest.java', './src/test/java/org/apache/commons/lang3/builder/NoFieldNamesToStringStyleTest.java', './src/test/java/org/apache/commons/lang3/math/IEEE754rUtilsTest.java', './src/test/java/org/apache/commons/lang3/tuple/ImmutablePairTest.java', './src/test/java/org/apache/commons/lang3/RegExUtilsTest.java', './src/test/java/org/apache/commons/lang3/concurrent/ThresholdCircuitBreakerTest.java', './src/test/java/org/apache/commons/lang3/EnumUtilsTest.java', './src/test/java/org/apache/commons/lang3/StringUtilsIsTest.java', './src/test/java/org/apache/commons/lang3/StringUtilsTrimStripTest.java']",13,0.08238008899661509,11.158013152999047,0.22690670799966028,0.0016089880000436096,0,1,[],[],[],[],[],0,2.123007750998113,202.2551996700031,0,0
e329c3556ce0b4a87568f3783adc193719670560,53,4,"['src/test/org/apache/commons/lang/functor/TestExecutorUtils.java', 'src/test/org/apache/commons/lang/functor/TestPredicateUtils.java', 'src/test/org/apache/commons/lang/functor/TestFactoryUtils.java', 'src/test/org/apache/commons/lang/functor/TestTransformerUtils.java']",49,92,2,2,"[8, 10]","['./src/test/org/apache/commons/lang/functor/TestPredicateUtils.java', './src/test/org/apache/commons/lang/functor/TestTransformerUtils.java']","['./src/test/org/apache/commons/lang/functor/TestExecutorUtils.java', './src/test/org/apache/commons/lang/functor/TestFactoryUtils.java']","[21, 35, 13]","['./src/test/org/apache/commons/lang/math/FractionTest.java', './src/test/org/apache/commons/lang/BooleanUtilsTest.java', './src/test/org/apache/commons/lang/time/CalendarUtilsTest.java']",1,0.21103537100498215,4.342370114001824,0.08744397399914305,0.0029143700003260165,2,2,"[9, 8]","['./src/test/org/apache/commons/lang/functor/TestExecutorUtils.java', './src/test/org/apache/commons/lang/functor/TestPredicateUtils.java']","['./src/test/org/apache/commons/lang/functor/TestFactoryUtils.java', './src/test/org/apache/commons/lang/functor/TestTransformerUtils.java']","[17, 18, 28]","['./src/test/org/apache/commons/lang/math/LongRangeTest.java', './src/test/org/apache/commons/lang/math/IntRangeTest.java', './src/test/org/apache/commons/lang/builder/SimpleToStringStyleTest.java']",5,0.03422944499834557,83.47063914399769,1.691553231999933,0.0009312570000474807,2,2,"[11, 10]","['./src/test/org/apache/commons/lang/functor/TestFactoryUtils.java', './src/test/org/apache/commons/lang/functor/TestTransformerUtils.java']","['./src/test/org/apache/commons/lang/functor/TestExecutorUtils.java', './src/test/org/apache/commons/lang/functor/TestPredicateUtils.java']","[25, 19, 29]","['./src/test/org/apache/commons/lang/builder/DefaultToStringStyleTest.java', './src/test/org/apache/commons/lang/math/FloatRangeTest.java', './src/test/org/apache/commons/lang/builder/EqualsBuilderTest.java']",7,0.03272362299685483,4.3103054459988925,0.08409775800009811,0.0005687670000042999,0,4,[],[],[],[],[],0,0.21198685099989234,83.17790022600184,0,0
b30be60a81a14921b3c6bca9689f4886693f1bcd,155,1,['src/test/java/org/apache/commons/lang3/concurrent/DaemonThreadFactoryTest.java'],154,92,1,0,[31],['./src/test/java/org/apache/commons/lang3/concurrent/DaemonThreadFactoryTest.java'],[],"[2, 99, 37, 41, 108, 77, 155, 82, 23, 25, 59, 60]","['./src/test/java/org/apache/commons/lang3/reflect/MethodUtilsTest.java', './src/test/java/org/apache/commons/lang3/builder/ReflectionDiffBuilderTest.java', './src/test/java/org/apache/commons/lang3/concurrent/AtomicSafeInitializerTest.java', './src/test/java/org/apache/commons/lang3/text/translate/NumericEntityUnescaperTest.java', './src/test/java/org/apache/commons/lang3/builder/ReflectionToStringBuilderMutateInspectConcurrencyTest.java', './src/test/java/org/apache/commons/lang3/math/FractionTest.java', './src/test/java/org/apache/commons/lang3/RandomUtilsTest.java', './src/test/java/org/apache/commons/lang3/tuple/ImmutablePairTest.java', './src/test/java/org/apache/commons/lang3/exception/ContextedRuntimeExceptionTest.java', './src/test/java/org/apache/commons/lang3/concurrent/MultiBackgroundInitializerTest.java', './src/test/java/org/apache/commons/lang3/time/StopWatchTest.java', './src/test/java/org/apache/commons/lang3/time/FastDateParserSDFTest.java']",12,1.4399943869993876,10.606066390000251,0.20818420800014792,0.04066050799974619,0,1,[],[],[],[],[],0,1.102475343999231,191.8821482030021,0,0,0,1,[],[],[],[],[],0,0.08274434900067718,10.662584525000966,0,0,0,1,[],[],[],[],[],0,2.1596725979993607,194.591925195999,0,0
716f140d46c1737ca1c6b22a1db10fe041fbf810,144,1,['src/test/java/org/apache/commons/lang3/XMLCharacterTest.java'],143,92,1,0,[116],['./src/test/java/org/apache/commons/lang3/XMLCharacterTest.java'],[],"[69, 72, 73, 106, 43, 75, 21, 85, 27, 94, 127]","['./src/test/java/org/apache/commons/lang3/math/IEEE754rUtilsTest.java', './src/test/java/org/apache/commons/lang3/tuple/MutablePairTest.java', './src/test/java/org/apache/commons/lang3/tuple/PairTest.java', './src/test/java/org/apache/commons/lang3/StringUtilsEmptyBlankTest.java', './src/test/java/org/apache/commons/lang3/text/StrLookupTest.java', './src/test/java/org/apache/commons/lang3/tuple/ImmutablePairTest.java', './src/test/java/org/apache/commons/lang3/exception/ContextedRuntimeExceptionTest.java', './src/test/java/org/apache/commons/lang3/builder/SimpleToStringStyleTest.java', './src/test/java/org/apache/commons/lang3/concurrent/ConcurrentUtilsTest.java', './src/test/java/org/apache/commons/lang3/builder/ToStringStyleTest.java', './src/test/java/org/apache/commons/lang3/StringEscapeUtilsTest.java']",1,1.5569510889990852,9.944248521002919,0.19961638800032233,0.02380256600008579,1,0,[116],['./src/test/java/org/apache/commons/lang3/XMLCharacterTest.java'],[],"[39, 137, 140, 46, 111, 16, 144, 90, 123, 29, 94]","['./src/test/java/org/apache/commons/lang3/text/translate/UnicodeUnescaperTest.java', './src/test/java/org/apache/commons/lang3/EnumUtilsTest.java', './src/test/java/org/apache/commons/lang3/JavaVersionTest.java', './src/test/java/org/apache/commons/lang3/text/StrSubstitutorTest.java', './src/test/java/org/apache/commons/lang3/BitFieldTest.java', './src/test/java/org/apache/commons/lang3/mutable/MutableIntTest.java', './src/test/java/org/apache/commons/lang3/RandomUtilsTest.java', './src/test/java/org/apache/commons/lang3/builder/ReflectionToStringBuilderExcludeTest.java', './src/test/java/org/apache/commons/lang3/HashSetvBitSetTest.java', './src/test/java/org/apache/commons/lang3/concurrent/LazyInitializerTest.java', './src/test/java/org/apache/commons/lang3/builder/ToStringStyleTest.java']",6,0.1209938100009822,178.39683928400245,3.5918062159998954,0.0015934200000629062,1,0,[116],['./src/test/java/org/apache/commons/lang3/XMLCharacterTest.java'],[],"[2, 68, 8, 44, 76, 15, 82, 120, 28, 62, 127]","['./src/test/java/org/apache/commons/lang3/reflect/MethodUtilsTest.java', './src/test/java/org/apache/commons/lang3/time/FastDatePrinterTest.java', './src/test/java/org/apache/commons/lang3/event/EventListenerSupportTest.java', './src/test/java/org/apache/commons/lang3/text/StrBuilderAppendInsertTest.java', './src/test/java/org/apache/commons/lang3/tuple/ImmutableTripleTest.java', './src/test/java/org/apache/commons/lang3/mutable/MutableByteTest.java', './src/test/java/org/apache/commons/lang3/builder/DiffTest.java', './src/test/java/org/apache/commons/lang3/CharSetTest.java', './src/test/java/org/apache/commons/lang3/concurrent/BasicThreadFactoryTest.java', './src/test/java/org/apache/commons/lang3/time/DateUtilsRoundingTest.java', './src/test/java/org/apache/commons/lang3/StringEscapeUtilsTest.java']",22,0.07442249900032039,9.881987847998971,0.19652130699978443,0.0016056740005296888,0,1,[],[],[],[],[],0,1.8146497070019905,179.54410077299963,0,0
5df3e1aad76a65c6e437e1f6c441601039742368,95,3,"['src/test/org/apache/commons/lang/enum/EnumTest.java', 'src/test/org/apache/commons/lang/enum/ValuedEnumTest.java', 'src/test/org/apache/commons/lang/enum/EnumUtilsTest.java']",92,92,1,2,[14],['./src/test/org/apache/commons/lang/enum/ValuedEnumTest.java'],"['./src/test/org/apache/commons/lang/enum/EnumTest.java', './src/test/org/apache/commons/lang/enum/EnumUtilsTest.java']","[70, 10, 11, 13, 45, 86, 88]","['./src/test/org/apache/commons/lang/UnhandledExceptionTest.java', './src/test/org/apache/commons/lang/mutable/MutableDoubleTest.java', './src/test/org/apache/commons/lang/mutable/MutableBooleanTest.java', './src/test/org/apache/commons/lang/mutable/MutableIntTest.java', './src/test/org/apache/commons/lang/enums/EnumEqualsTest.java', './src/test/org/apache/commons/lang/NumberRangeTest.java', './src/test/org/apache/commons/lang/NullArgumentExceptionTest.java']",1,0.6768699440026467,7.079421025000556,0.14006066799993278,0.006044983999345277,1,2,[14],['./src/test/org/apache/commons/lang/enum/ValuedEnumTest.java'],"['./src/test/org/apache/commons/lang/enum/EnumTest.java', './src/test/org/apache/commons/lang/enum/EnumUtilsTest.java']","[1, 70, 9, 18, 84, 87, 90]","['./src/pending/DateFormatterTest.java', './src/test/org/apache/commons/lang/UnhandledExceptionTest.java', './src/test/org/apache/commons/lang/mutable/MutableFloatTest.java', './src/test/org/apache/commons/lang/text/StrBuilderAppendInsertTest.java', './src/test/org/apache/commons/lang/WordUtilsTest.java', './src/test/org/apache/commons/lang/SerializationUtilsTest.java', './src/test/org/apache/commons/lang/LocaleUtilsTest.java']",1,0.057206862009479664,122.38396300999557,2.4358828969998285,0.0010776919989439193,1,2,[14],['./src/test/org/apache/commons/lang/enum/ValuedEnumTest.java'],"['./src/test/org/apache/commons/lang/enum/EnumTest.java', './src/test/org/apache/commons/lang/enum/EnumUtilsTest.java']","[69, 8, 41, 75, 43, 77, 49]","['./src/test/org/apache/commons/lang/ArrayUtilsTest.java', './src/test/org/apache/commons/lang/mutable/MutableObjectTest.java', './src/test/org/apache/commons/lang/math/NumberUtilsTest.java', './src/test/org/apache/commons/lang/StringUtilsTest.java', './src/test/org/apache/commons/lang/enums/ValuedEnumTest.java', './src/test/org/apache/commons/lang/CharEncodingTest.java', './src/test/org/apache/commons/lang/builder/DefaultToStringStyleTest.java']",1,0.05324770600236661,7.015884453999206,0.14875420500084147,0.0012046000001646462,0,3,[],[],[],[],[],0,0.4466242560019964,122.68254758800504,0,0
cba79c706bdb523861fd3a07a63fc9fef0b631ce,95,1,['src/test/org/apache/commons/lang/NumberUtilsTest.java'],94,92,1,0,[94],['./src/test/org/apache/commons/lang/NumberUtilsTest.java'],[],"[72, 15, 16, 79, 18, 19, 24]","['./src/test/org/apache/commons/lang/StringUtilsEqualsIndexOfTest.java', './src/test/org/apache/commons/lang/exception/NestableErrorTest.java', './src/test/org/apache/commons/lang/exception/AbstractNestableTest.java', './src/test/org/apache/commons/lang/IllegalClassExceptionTest.java', './src/test/org/apache/commons/lang/exception/NestableRuntimeExceptionTest.java', './src/test/org/apache/commons/lang/exception/NestableExceptionTest.java', './src/test/org/apache/commons/lang/text/ExtendedMessageFormatTest.java']",25,0.6244190609991165,7.348905133998414,0.1511882989998412,0.014526447999742231,1,0,[94],['./src/test/org/apache/commons/lang/NumberUtilsTest.java'],[],"[64, 41, 78, 15, 80, 56, 58]","['./src/test/org/apache/commons/lang/BitFieldTest.java', './src/test/org/apache/commons/lang/math/AbstractRangeTest.java', './src/test/org/apache/commons/lang/ValidateTest.java', './src/test/org/apache/commons/lang/exception/NestableErrorTest.java', './src/test/org/apache/commons/lang/CharRangeTest.java', './src/test/org/apache/commons/lang/builder/ToStringStyleTest.java', './src/test/org/apache/commons/lang/builder/CompareToBuilderTest.java']",11,0.061237928998252755,125.73050419299989,2.5178479309997783,0.0011344580002514704,1,0,[94],['./src/test/org/apache/commons/lang/NumberUtilsTest.java'],[],"[32, 66, 35, 69, 76, 78, 61]","['./src/test/org/apache/commons/lang/time/DateFormatUtilsTest.java', './src/test/org/apache/commons/lang/CharSetUtilsTest.java', './src/test/org/apache/commons/lang/math/IEEE754rUtilsTest.java', './src/test/org/apache/commons/lang/UnhandledExceptionTest.java', './src/test/org/apache/commons/lang/CharEncodingTest.java', './src/test/org/apache/commons/lang/ValidateTest.java', './src/test/org/apache/commons/lang/BooleanUtilsTest.java']",5,0.05707813900016845,7.331030436000674,0.14670700200031206,0.0012051509997945686,1,0,[94],['./src/test/org/apache/commons/lang/NumberUtilsTest.java'],[],"[65, 50, 85, 91, 92, 93, 95]","['./src/test/org/apache/commons/lang/ClassUtilsTest.java', './src/test/org/apache/commons/lang/builder/ToStringBuilderTest.java', './src/test/org/apache/commons/lang/NumberRangeTest.java', './src/test/org/apache/commons/lang/CharUtilsPerfTest.java', './src/test/org/apache/commons/lang/SystemUtilsTest.java', './src/test/org/apache/commons/lang/IncompleteArgumentExceptionTest.java', './src/test/org/apache/commons/lang/RandomStringUtilsTest.java']",1,0.4489512959999047,125.78338729399911,2.5368849520000367,0.008544273000097746
5cab6528eae28321fcd7bea44e83bd46e91fac63,17,1,['src/test/org/apache/commons/lang/HashCodeBuilderTest.java'],16,92,1,0,[8],['./src/test/org/apache/commons/lang/HashCodeBuilderTest.java'],[],[3],['./src/test/org/apache/commons/lang/enum/EnumUtilsTest.java'],17,0.022559863997230423,2.623242489999029,0.053426364999722864,0.0007323449999603326,1,0,[8],['./src/test/org/apache/commons/lang/HashCodeBuilderTest.java'],[],[2],['./src/test/org/apache/commons/lang/enum/EnumTest.java'],6,0.015313086999412917,24.452939147000507,0.48853873100051715,0.00027405499986343784,1,0,[8],['./src/test/org/apache/commons/lang/HashCodeBuilderTest.java'],[],[12],['./src/test/org/apache/commons/lang/StringUtilsTrimEmptyTest.java'],5,0.01686053900175466,2.6206231120040684,0.05258845100070175,0.00026092999996762956,0,1,[],[],[],[],[],0,0.04519897000773199,24.43541699099933,0,0
7f5ffc6036d4b2199af5b2d655691bc0af4478ee,95,2,"['src/test/org/apache/commons/lang/text/MessageFormatExtensionTest.java', 'src/test/org/apache/commons/lang/text/AbstractMessageFormatTest.java']",93,92,1,1,[21],['./src/test/org/apache/commons/lang/text/MessageFormatExtensionTest.java'],['./src/test/org/apache/commons/lang/text/AbstractMessageFormatTest.java'],"[66, 69, 70, 73, 84, 89, 29]","['./src/test/org/apache/commons/lang/ClassUtilsTest.java', './src/test/org/apache/commons/lang/ArrayUtilsTest.java', './src/test/org/apache/commons/lang/UnhandledExceptionTest.java', './src/test/org/apache/commons/lang/StringUtilsEqualsIndexOfTest.java', './src/test/org/apache/commons/lang/WordUtilsTest.java', './src/test/org/apache/commons/lang/CharUtilsTest.java', './src/test/org/apache/commons/lang/time/FastDateFormatTest.java']",3,0.5936125039934268,6.857268763997126,0.13683274299910408,0.01455800499934412,2,0,"[21, 23]","['./src/test/org/apache/commons/lang/text/MessageFormatExtensionTest.java', './src/test/org/apache/commons/lang/text/AbstractMessageFormatTest.java']",[],"[64, 1, 2, 27, 28, 30]","['./src/test/org/apache/commons/lang/ObjectUtilsTest.java', './src/pending/DateFormatterTest.java', './src/pending/CalendarUtilsTest.java', './src/test/org/apache/commons/lang/time/DurationFormatUtilsTest.java', './src/test/org/apache/commons/lang/time/DateUtilsTest.java', './src/test/org/apache/commons/lang/time/DateFormatUtilsTest.java']",45,0.0571246700019401,120.4450927090038,2.390733783999167,0.0011626020004769089,1,1,[23],['./src/test/org/apache/commons/lang/text/AbstractMessageFormatTest.java'],['./src/test/org/apache/commons/lang/text/MessageFormatExtensionTest.java'],"[16, 81, 84, 88, 90, 61, 30]","['./src/test/org/apache/commons/lang/text/StrMatcherTest.java', './src/test/org/apache/commons/lang/CharRangeTest.java', './src/test/org/apache/commons/lang/WordUtilsTest.java', './src/test/org/apache/commons/lang/NullArgumentExceptionTest.java', './src/test/org/apache/commons/lang/LocaleUtilsTest.java', './src/test/org/apache/commons/lang/NotImplementedExceptionTest.java', './src/test/org/apache/commons/lang/time/DateFormatUtilsTest.java']",2,0.05396601800021017,6.9167085610042705,0.14080916900093143,0.0011103840006398968,0,2,[],[],[],[],[],0,0.5837697870010743,121.57989616800114,0,0
ca2e59c513edc2a8b30ff62595e01f8dff79f0d2,153,1,['src/test/java/org/apache/commons/lang3/test/SystemDefaultsSwitchTest.java'],152,92,1,0,[84],['./src/test/java/org/apache/commons/lang3/test/SystemDefaultsSwitchTest.java'],[],"[32, 96, 66, 35, 3, 132, 40, 104, 139, 108, 53, 24]","['./src/test/java/org/apache/commons/lang3/concurrent/AbstractConcurrentInitializerTest.java', './src/test/java/org/apache/commons/lang3/builder/ReflectionToStringBuilderConcurrencyTest.java', './src/test/java/org/apache/commons/lang3/time/FastDateFormatTest.java', './src/test/java/org/apache/commons/lang3/concurrent/ConstantInitializerTest.java', './src/test/java/org/apache/commons/lang3/reflect/InheritanceUtilsTest.java', './src/test/java/org/apache/commons/lang3/HashSetvBitSetTest.java', './src/test/java/org/apache/commons/lang3/text/translate/NumericEntityUnescaperTest.java', './src/test/java/org/apache/commons/lang3/builder/ToStringStyleConcurrencyTest.java', './src/test/java/org/apache/commons/lang3/CharEncodingTest.java', './src/test/java/org/apache/commons/lang3/builder/ReflectionToStringBuilderMutateInspectConcurrencyTest.java', './src/test/java/org/apache/commons/lang3/text/CompositeFormatTest.java', './src/test/java/org/apache/commons/lang3/concurrent/ThresholdCircuitBreakerTest.java']",2,1.5253574919995572,10.606761950000191,0.2145053920000919,0.028156335999938165,0,1,[],[],[],[],[],0,0.9629590930012455,192.24455045499985,0,0,1,0,[84],['./src/test/java/org/apache/commons/lang3/test/SystemDefaultsSwitchTest.java'],[],"[32, 3, 69, 11, 43, 46, 81, 117, 54, 87, 120, 31]","['./src/test/java/org/apache/commons/lang3/concurrent/AbstractConcurrentInitializerTest.java', './src/test/java/org/apache/commons/lang3/reflect/InheritanceUtilsTest.java', './src/test/java/org/apache/commons/lang3/time/FastDateParserTest.java', './src/test/java/org/apache/commons/lang3/mutable/MutableObjectTest.java', './src/test/java/org/apache/commons/lang3/text/translate/UnicodeUnescaperTest.java', './src/test/java/org/apache/commons/lang3/text/translate/LookupTranslatorTest.java', './src/test/java/org/apache/commons/lang3/tuple/ImmutablePairTest.java', './src/test/java/org/apache/commons/lang3/ArrayUtilsInsertTest.java', './src/test/java/org/apache/commons/lang3/text/StrTokenizerTest.java', './src/test/java/org/apache/commons/lang3/builder/DefaultToStringStyleTest.java', './src/test/java/org/apache/commons/lang3/ObjectUtilsTest.java', './src/test/java/org/apache/commons/lang3/concurrent/LazyInitializerTest.java']",14,0.08054053100045167,10.677138780999599,0.21396885299998303,0.001651559999913843,0,1,[],[],[],[],[],0,2.0992080500003567,193.61055172199974,0,0
13bd2d388e29e99fb98f613ea90dbeed79500702,93,4,"['src/test/org/apache/commons/lang/exception/NestableRuntimeExceptionTest.java', 'src/test/org/apache/commons/lang/exception/NestableExceptionTest.java', 'src/test/org/apache/commons/lang/exception/NestableDelegateTest.java', 'src/test/org/apache/commons/lang/exception/AbstractNestableTest.java']",89,92,1,3,[16],['./src/test/org/apache/commons/lang/exception/AbstractNestableTest.java'],"['./src/test/org/apache/commons/lang/exception/NestableRuntimeExceptionTest.java', './src/test/org/apache/commons/lang/exception/NestableExceptionTest.java', './src/test/org/apache/commons/lang/exception/NestableDelegateTest.java']","[67, 68, 72, 81, 52, 27, 61]","['./src/test/org/apache/commons/lang/ArrayUtilsRemoveTest.java', './src/test/org/apache/commons/lang/ArrayUtilsTest.java', './src/test/org/apache/commons/lang/StringUtilsEqualsIndexOfTest.java', './src/test/org/apache/commons/lang/ArrayUtilsAddTest.java', './src/test/org/apache/commons/lang/builder/EqualsBuilderTest.java', './src/test/org/apache/commons/lang/text/StrBuilderTest.java', './src/test/org/apache/commons/lang/BooleanUtilsTest.java']",1,0.620877360997838,7.149006590998852,0.14927993099991,0.020740936999573023,2,2,"[14, 16]","['./src/test/org/apache/commons/lang/exception/NestableDelegateTest.java', './src/test/org/apache/commons/lang/exception/AbstractNestableTest.java']","['./src/test/org/apache/commons/lang/exception/NestableRuntimeExceptionTest.java', './src/test/org/apache/commons/lang/exception/NestableExceptionTest.java']","[65, 1, 8, 73, 77, 30]","['./src/test/org/apache/commons/lang/ClassUtilsTest.java', './src/pending/DateFormatterTest.java', './src/test/org/apache/commons/lang/mutable/MutableObjectTest.java', './src/test/org/apache/commons/lang/StringEscapeUtilsTest.java', './src/test/org/apache/commons/lang/StringUtilsTrimEmptyTest.java', './src/test/org/apache/commons/lang/time/DateUtilsTest.java']",41,0.058666862998506986,123.19611397600056,2.4754522299999735,0.0011547269996299292,2,2,"[19, 16]","['./src/test/org/apache/commons/lang/exception/NestableExceptionTest.java', './src/test/org/apache/commons/lang/exception/AbstractNestableTest.java']","['./src/test/org/apache/commons/lang/exception/NestableRuntimeExceptionTest.java', './src/test/org/apache/commons/lang/exception/NestableDelegateTest.java']","[65, 68, 10, 46, 49, 54]","['./src/test/org/apache/commons/lang/ClassUtilsTest.java', './src/test/org/apache/commons/lang/ArrayUtilsTest.java', './src/test/org/apache/commons/lang/mutable/MutableDoubleTest.java', './src/test/org/apache/commons/lang/builder/StandardToStringStyleTest.java', './src/test/org/apache/commons/lang/builder/HashCodeBuilderTest.java', './src/test/org/apache/commons/lang/builder/MultiLineToStringStyleTest.java']",16,0.05445840600259544,7.183051691999935,0.14478937299963945,0.0010588270001790079,0,4,[],[],[],[],[],0,0.43422050500021214,123.45960811299938,0,0
43eba0aec4b19ac87e360dbc5d51af5bc15df4ea,73,1,['src/test/org/apache/commons/lang/mutable/MutableNumberTest.java'],72,92,1,0,[4],['./src/test/org/apache/commons/lang/mutable/MutableNumberTest.java'],[],"[33, 39, 47, 51, 56]","['./src/test/org/apache/commons/lang/builder/ToStringBuilderTest.java', './src/test/org/apache/commons/lang/builder/CompareToBuilderTest.java', './src/test/org/apache/commons/lang/ArrayUtilsRemoveTest.java', './src/test/org/apache/commons/lang/StringUtilsEqualsIndexOfTest.java', './src/test/org/apache/commons/lang/ValidateTest.java']",11,0.35619695099999715,5.312013037999999,0.10677042399999959,0.010488410999999864,1,0,[4],['./src/test/org/apache/commons/lang/mutable/MutableNumberTest.java'],[],"[7, 72, 11, 57, 27]","['./src/test/org/apache/commons/lang/mutable/MutableByteTest.java', './src/test/org/apache/commons/lang/NumberUtilsTest.java', './src/test/org/apache/commons/lang/time/StopWatchTest.java', './src/test/org/apache/commons/lang/IllegalClassExceptionTest.java', './src/test/org/apache/commons/lang/enums/EnumEqualsTest.java']",21,0.043278114000059986,81.405319247,1.6449541960000147,0.0008833979999849362,1,0,[4],['./src/test/org/apache/commons/lang/mutable/MutableNumberTest.java'],[],"[69, 40, 47, 55, 31]","['./src/test/org/apache/commons/lang/CharUtilsPerfTest.java', './src/test/org/apache/commons/lang/NotImplementedExceptionTest.java', './src/test/org/apache/commons/lang/ArrayUtilsRemoveTest.java', './src/test/org/apache/commons/lang/StringUtilsTrimEmptyTest.java', './src/test/org/apache/commons/lang/builder/DefaultToStringStyleTest.java']",34,0.039839528000003455,5.287463562000003,0.10507819700000098,0.0008232160000005706,0,1,[],[],[],[],[],0,0.3778360450000342,81.44371624899999,0,0
e5b0844c4f49d5913f54bb5982284f5e7b76240a,100,1,['src/test/java/org/apache/commons/lang3/CharSequenceUtilsTest.java'],99,92,1,0,[76],['./src/test/java/org/apache/commons/lang3/CharSequenceUtilsTest.java'],[],"[7, 40, 72, 13, 51, 21, 31]","['./src/test/java/org/apache/commons/lang3/mutable/MutableLongTest.java', './src/test/java/org/apache/commons/lang3/text/StrSubstitutorTest.java', './src/test/java/org/apache/commons/lang3/StringUtilsIsTest.java', './src/test/java/org/apache/commons/lang3/mutable/MutableByteTest.java', './src/test/java/org/apache/commons/lang3/time/DateUtilsRoundingTest.java', './src/test/java/org/apache/commons/lang3/concurrent/CallableBackgroundInitializerTest.java', './src/test/java/org/apache/commons/lang3/text/translate/NumericEntityUnescaperTest.java']",10,0.5974086000005627,7.259155103000921,0.14079615199989348,0.0014722519999850192,1,0,[76],['./src/test/java/org/apache/commons/lang3/CharSequenceUtilsTest.java'],[],"[58, 42, 23, 24, 25, 26, 59]","['./src/test/java/org/apache/commons/lang3/builder/DefaultToStringStyleTest.java', './src/test/java/org/apache/commons/lang3/text/CompositeFormatTest.java', './src/test/java/org/apache/commons/lang3/concurrent/BasicThreadFactoryTest.java', './src/test/java/org/apache/commons/lang3/concurrent/LazyInitializerTest.java', './src/test/java/org/apache/commons/lang3/concurrent/AbstractConcurrentInitializerTest.java', './src/test/java/org/apache/commons/lang3/concurrent/TimedSemaphoreTest.java', './src/test/java/org/apache/commons/lang3/builder/HashCodeBuilderTest.java']",5,0.06217829899924254,124.11440599899561,2.4881280429999606,0.0012692220007011201,1,0,[76],['./src/test/java/org/apache/commons/lang3/CharSequenceUtilsTest.java'],[],"[33, 7, 42, 11, 16, 17, 83]","['./src/test/java/org/apache/commons/lang3/text/translate/NumericEntityEscaperTest.java', './src/test/java/org/apache/commons/lang3/mutable/MutableLongTest.java', './src/test/java/org/apache/commons/lang3/text/CompositeFormatTest.java', './src/test/java/org/apache/commons/lang3/mutable/MutableDoubleTest.java', './src/test/java/org/apache/commons/lang3/exception/DefaultExceptionContextTest.java', './src/test/java/org/apache/commons/lang3/exception/ContextedExceptionTest.java', './src/test/java/org/apache/commons/lang3/StringUtilsStartsEndsWithTest.java']",2,0.05284845799906179,7.229648755997005,0.1446186029997989,0.0010532859996601474,0,1,[],[],[],[],[],0,0.5406943659972967,124.18410574500285,0,0
452a6c0cd87ed01dc6f60ab65578c6353c0d0522,93,7,"['src/test/org/apache/commons/lang/math/DoubleRangeTest.java', 'src/test/org/apache/commons/lang/math/RangeTest.java', 'src/test/org/apache/commons/lang/math/LongRangeTest.java', 'src/test/org/apache/commons/lang/math/AbstractRangeTest.java', 'src/test/org/apache/commons/lang/math/IntRangeTest.java', 'src/test/org/apache/commons/lang/math/FloatRangeTest.java', 'src/test/org/apache/commons/lang/math/NumberRangeTest.java']",86,92,3,4,"[45, 47, 52]","['./src/test/org/apache/commons/lang/math/DoubleRangeTest.java', './src/test/org/apache/commons/lang/math/RangeTest.java', './src/test/org/apache/commons/lang/math/NumberRangeTest.java']","['./src/test/org/apache/commons/lang/math/LongRangeTest.java', './src/test/org/apache/commons/lang/math/AbstractRangeTest.java', './src/test/org/apache/commons/lang/math/IntRangeTest.java', './src/test/org/apache/commons/lang/math/FloatRangeTest.java']","[43, 44, 20, 55, 60]","['./src/test/org/apache/commons/lang/time/DateUtilsFragmentTest.java', './src/test/org/apache/commons/lang/math/IEEE754rUtilsTest.java', './src/test/org/apache/commons/lang/concurrent/LazyInitializerTest.java', './src/test/org/apache/commons/lang/builder/ShortPrefixToStringStyleTest.java', './src/test/org/apache/commons/lang/builder/EqualsBuilderTest.java']",11,0.6297238179995475,7.061405765999098,0.1434855190000235,0.01335048300006747,3,4,"[45, 48, 52]","['./src/test/org/apache/commons/lang/math/DoubleRangeTest.java', './src/test/org/apache/commons/lang/math/IntRangeTest.java', './src/test/org/apache/commons/lang/math/NumberRangeTest.java']","['./src/test/org/apache/commons/lang/math/RangeTest.java', './src/test/org/apache/commons/lang/math/LongRangeTest.java', './src/test/org/apache/commons/lang/math/AbstractRangeTest.java', './src/test/org/apache/commons/lang/math/FloatRangeTest.java']","[67, 37, 41, 54, 89]","['./src/test/org/apache/commons/lang/BooleanUtilsTest.java', './src/test/org/apache/commons/lang/time/StopWatchTest.java', './src/test/org/apache/commons/lang/time/DateFormatUtilsTest.java', './src/test/org/apache/commons/lang/builder/StandardToStringStyleTest.java', './src/test/org/apache/commons/lang/CharUtilsTest.java']",45,0.06151094999813722,119.95267887699856,2.3924935759996515,0.001190193000184081,2,5,"[47, 48]","['./src/test/org/apache/commons/lang/math/RangeTest.java', './src/test/org/apache/commons/lang/math/IntRangeTest.java']","['./src/test/org/apache/commons/lang/math/DoubleRangeTest.java', './src/test/org/apache/commons/lang/math/LongRangeTest.java', './src/test/org/apache/commons/lang/math/AbstractRangeTest.java', './src/test/org/apache/commons/lang/math/FloatRangeTest.java', './src/test/org/apache/commons/lang/math/NumberRangeTest.java']","[68, 87, 55, 24, 57, 59]","['./src/test/org/apache/commons/lang/StringUtilsIsTest.java', './src/test/org/apache/commons/lang/WordUtilsTest.java', './src/test/org/apache/commons/lang/builder/ShortPrefixToStringStyleTest.java', './src/test/org/apache/commons/lang/text/translate/NumericEntityEscaperTest.java', './src/test/org/apache/commons/lang/builder/HashCodeBuilderTest.java', './src/test/org/apache/commons/lang/builder/SimpleToStringStyleTest.java']",6,0.05360272200096006,7.056339994999689,0.1472243289999824,0.001057494000178849,0,7,[],[],[],[],[],0,0.4230792900002598,119.86125981900113,0,0
f04f89bfda742435b86313a7ff01eb975dbbe00c,89,1,['src/test/org/apache/commons/lang/NotImplementedExceptionTest.java'],88,92,1,0,[60],['./src/test/org/apache/commons/lang/NotImplementedExceptionTest.java'],[],"[34, 7, 10, 77, 78, 22, 88]","['./src/test/org/apache/commons/lang/time/DateFormatUtilsTest.java', './src/test/org/apache/commons/lang/mutable/MutableShortTest.java', './src/test/org/apache/commons/lang/mutable/MutableDoubleTest.java', './src/test/org/apache/commons/lang/CharRangeTest.java', './src/test/org/apache/commons/lang/ArrayUtilsAddTest.java', './src/test/org/apache/commons/lang/text/StrLookupTest.java', './src/test/org/apache/commons/lang/IncompleteArgumentExceptionTest.java']",4,0.4405646910008727,6.610303993998059,0.13302201599981345,0.009933619000548788,1,0,[60],['./src/test/org/apache/commons/lang/NotImplementedExceptionTest.java'],[],"[68, 6, 72, 47, 54, 25, 30]","['./src/test/org/apache/commons/lang/ArrayUtilsTest.java', './src/test/org/apache/commons/lang/mutable/MutableLongTest.java', './src/test/org/apache/commons/lang/StringEscapeUtilsTest.java', './src/test/org/apache/commons/lang/builder/StandardToStringStyleTest.java', './src/test/org/apache/commons/lang/builder/ReflectionToStringBuilderExcludeTest.java', './src/test/org/apache/commons/lang/text/StrSubstitutorTest.java', './src/test/org/apache/commons/lang/time/StopWatchTest.java']",9,0.05431438000050548,111.86692767799741,2.2212291559999358,0.0009908990004987572,1,0,[60],['./src/test/org/apache/commons/lang/NotImplementedExceptionTest.java'],[],"[1, 2, 10, 43, 83, 85, 27]","['./src/pending/DateFormatterTest.java', './src/pending/CalendarUtilsTest.java', './src/test/org/apache/commons/lang/mutable/MutableDoubleTest.java', './src/test/org/apache/commons/lang/math/AbstractRangeTest.java', './src/test/org/apache/commons/lang/CharUtilsTest.java', './src/test/org/apache/commons/lang/LocaleUtilsTest.java', './src/test/org/apache/commons/lang/text/CompositeFormatTest.java']",11,0.05048086699844134,6.659869549002906,0.13327243000003364,0.0010809579998749541,0,1,[],[],[],[],[],0,0.3783833189972938,111.96368296799847,0,0
f62839527b087d0f6c3aa74c86cca9bd492fb64b,94,1,['src/test/org/apache/commons/lang/NumberRangeTest.java'],93,92,1,0,[85],['./src/test/org/apache/commons/lang/NumberRangeTest.java'],[],"[66, 36, 43, 11, 53, 28, 62]","['./src/test/org/apache/commons/lang/CharSetUtilsTest.java', './src/test/org/apache/commons/lang/math/DoubleRangeTest.java', './src/test/org/apache/commons/lang/math/NumberRangeTest.java', './src/test/org/apache/commons/lang/mutable/MutableBooleanTest.java', './src/test/org/apache/commons/lang/builder/ReflectionToStringBuilderExcludeTest.java', './src/test/org/apache/commons/lang/time/StopWatchTest.java', './src/test/org/apache/commons/lang/StringUtilsIsTest.java']",19,0.6226047379968804,7.173702473000958,0.14345599700027378,0.01105404399913823,1,0,[85],['./src/test/org/apache/commons/lang/NumberRangeTest.java'],[],"[16, 18, 52, 86, 89, 27, 63]","['./src/test/org/apache/commons/lang/exception/AbstractNestableTest.java', './src/test/org/apache/commons/lang/exception/NestableRuntimeExceptionTest.java', './src/test/org/apache/commons/lang/builder/EqualsBuilderTest.java', './src/test/org/apache/commons/lang/SerializationUtilsTest.java', './src/test/org/apache/commons/lang/EnumUtilsTest.java', './src/test/org/apache/commons/lang/text/StrBuilderTest.java', './src/test/org/apache/commons/lang/ObjectUtilsTest.java']",2,0.057172711998646264,121.44840633400236,2.4249123609997696,0.0011049030008507543,1,0,[85],['./src/test/org/apache/commons/lang/NumberRangeTest.java'],[],"[79, 15, 51, 86, 88, 26, 28]","['./src/test/org/apache/commons/lang/IllegalClassExceptionTest.java', './src/test/org/apache/commons/lang/exception/NestableErrorTest.java', './src/test/org/apache/commons/lang/builder/SimpleToStringStyleTest.java', './src/test/org/apache/commons/lang/SerializationUtilsTest.java', './src/test/org/apache/commons/lang/CharUtilsTest.java', './src/test/org/apache/commons/lang/text/StrTokenizerTest.java', './src/test/org/apache/commons/lang/time/StopWatchTest.java']",9,0.053178871001364314,7.20359017300143,0.14111392199993134,0.000966163000157394,1,0,[85],['./src/test/org/apache/commons/lang/NumberRangeTest.java'],[],"[65, 50, 90, 91, 92, 93, 94]","['./src/test/org/apache/commons/lang/ClassUtilsTest.java', './src/test/org/apache/commons/lang/builder/ToStringBuilderTest.java', './src/test/org/apache/commons/lang/LocaleUtilsTest.java', './src/test/org/apache/commons/lang/CharUtilsPerfTest.java', './src/test/org/apache/commons/lang/SystemUtilsTest.java', './src/test/org/apache/commons/lang/IncompleteArgumentExceptionTest.java', './src/test/org/apache/commons/lang/RandomStringUtilsTest.java']",1,0.43890228399959597,121.73271192199536,2.4617957029995523,0.020857931000136887
26b587c7babccea6ff3f79cc43e1ad2da6c6b3cb,90,1,['src/test/org/apache/commons/lang/IllegalClassExceptionTest.java'],89,92,1,0,[77],['./src/test/org/apache/commons/lang/IllegalClassExceptionTest.java'],[],"[6, 10, 79, 48, 49, 56, 31]","['./src/test/org/apache/commons/lang/mutable/MutableLongTest.java', './src/test/org/apache/commons/lang/mutable/MutableDoubleTest.java', './src/test/org/apache/commons/lang/ArrayUtilsAddTest.java', './src/test/org/apache/commons/lang/builder/ShortPrefixToStringStyleTest.java', './src/test/org/apache/commons/lang/builder/DefaultToStringStyleTest.java', './src/test/org/apache/commons/lang/builder/NoFieldNamesToStringStyleTest.java', './src/test/org/apache/commons/lang/time/DurationFormatUtilsTest.java']",13,0.5216534339997452,6.765005829009169,0.13647770099851186,0.008782118999079103,1,0,[77],['./src/test/org/apache/commons/lang/IllegalClassExceptionTest.java'],[],"[32, 75, 50, 82, 83, 21, 24]","['./src/test/org/apache/commons/lang/time/DateUtilsTest.java', './src/test/org/apache/commons/lang/StringUtilsTrimEmptyTest.java', './src/test/org/apache/commons/lang/builder/HashCodeBuilderTest.java', './src/test/org/apache/commons/lang/SerializationUtilsTest.java', './src/test/org/apache/commons/lang/NullArgumentExceptionTest.java', './src/test/org/apache/commons/lang/text/translate/EscapeUtilsTest.java', './src/test/org/apache/commons/lang/text/StrMatcherTest.java']",6,0.05545606599844177,112.7002022020024,2.2646805770000356,0.0010232599997834768,1,0,[77],['./src/test/org/apache/commons/lang/IllegalClassExceptionTest.java'],[],"[5, 70, 74, 12, 14, 81, 56]","['./src/test/org/apache/commons/lang/reflect/ConstructorUtilsTest.java', './src/test/org/apache/commons/lang/StringUtilsStartsEndsWithTest.java', './src/test/org/apache/commons/lang/CharEncodingTest.java', './src/test/org/apache/commons/lang/mutable/MutableByteTest.java', './src/test/org/apache/commons/lang/exception/ExceptionUtilsTest.java', './src/test/org/apache/commons/lang/WordUtilsTest.java', './src/test/org/apache/commons/lang/builder/NoFieldNamesToStringStyleTest.java']",14,0.05004477400507312,6.695929352006715,0.13259660899893788,0.0010275889999320498,0,1,[],[],[],[],[],0,0.40294984999673034,112.6328690860064,0,0
8ebe30ba3091b05ae28f70ba235c558e9a1b4235,28,1,['src/test/org/apache/commons/lang/functor/TestClosureUtils.java'],27,92,1,0,[4],['./src/test/org/apache/commons/lang/functor/TestClosureUtils.java'],[],"[9, 22]","['./src/test/org/apache/commons/lang/builder/DefaultToStringStyleTest.java', './src/test/org/apache/commons/lang/StringUtilsTest.java']",33,0.0628037630012841,3.211623928001245,0.06396829999994225,0.001455240000723279,1,0,[4],['./src/test/org/apache/commons/lang/functor/TestClosureUtils.java'],[],"[1, 11]","['./src/test/org/apache/commons/lang/enum/ValuedEnumTest.java', './src/test/org/apache/commons/lang/builder/ToStringBuilderTest.java']",3,0.020897513002637425,42.294808891000685,0.842185105999306,0.0005065510003987583,1,0,[4],['./src/test/org/apache/commons/lang/functor/TestClosureUtils.java'],[],"[3, 22]","['./src/test/org/apache/commons/lang/enum/EnumUtilsTest.java', './src/test/org/apache/commons/lang/StringUtilsTest.java']",13,0.02230634999978065,3.2273486980002417,0.06527643000026728,0.0005141749998074374,0,1,[],[],[],[],[],0,0.09309462100100063,42.10572339900045,0,0
5e7cf0ed0e5a457e6e180e83ffbafa0b582e2759,63,1,['src/test/org/apache/commons/lang/util/IdentifierUtilsTest.java'],62,92,1,0,[1],['./src/test/org/apache/commons/lang/util/IdentifierUtilsTest.java'],[],"[32, 35, 51, 25, 59]","['./src/test/org/apache/commons/lang/builder/CompareToBuilderTest.java', './src/test/org/apache/commons/lang/StringUtilsIsTest.java', './src/test/org/apache/commons/lang/ArrayUtilsAddTest.java', './src/test/org/apache/commons/lang/builder/HashCodeBuilderTest.java', './src/test/org/apache/commons/lang/TokenizerTest.java']",19,0.2323808690007354,5.140224413999704,0.1066598239999621,0.006829175999882864,1,0,[1],['./src/test/org/apache/commons/lang/util/IdentifierUtilsTest.java'],[],"[7, 46, 54, 25, 26]","['./src/test/org/apache/commons/lang/time/DateUtilsTest.java', './src/test/org/apache/commons/lang/EntitiesPerformanceTest.java', './src/test/org/apache/commons/lang/EntitiesTest.java', './src/test/org/apache/commons/lang/builder/HashCodeBuilderTest.java', './src/test/org/apache/commons/lang/builder/ToStringBuilderTest.java']",3,0.044662470999128345,74.5190985350007,1.4792518529998233,0.0007997309999154822,1,0,[1],['./src/test/org/apache/commons/lang/util/IdentifierUtilsTest.java'],[],"[44, 20, 21, 23, 58]","['./src/test/org/apache/commons/lang/StringEscapeUtilsTest.java', './src/test/org/apache/commons/lang/enums/EnumTest.java', './src/test/org/apache/commons/lang/enums/EnumUtilsTest.java', './src/test/org/apache/commons/lang/builder/ShortPrefixToStringStyleTest.java', './src/test/org/apache/commons/lang/CharUtilsTest.java']",6,0.04091917400046441,5.199306136999439,0.10595880400001079,0.0008272620000298048,0,1,[],[],[],[],[],0,0.3005493010009559,74.53992445799963,0,0
